date,close,市盈率,市盈率估值,市净率,市净率估值
2015-08-04,10531.62,87.38,高估,9.72,高估
2015-08-05,10446.17,86.69,高估,9.65,高估
2015-08-06,10324.63,85.86,高估,9.3,高估
2015-08-07,10823.92,89.66,高估,9.74,高估
2015-08-10,11393.97,94.43,高估,10.26,高估
2015-08-11,11253.46,93.01,高估,10.11,高估
2015-08-12,11023.81,91.0,高估,9.9,高估
2015-08-13,11240.64,92.94,高估,10.08,高估
2015-08-14,11256.17,93.0,高估,10.09,高估
2015-08-17,11271.05,93.09,高估,10.1,高估
2015-08-18,10493.58,86.23,高估,9.37,高估
2015-08-19,10714.44,88.16,高估,9.58,高估
2015-08-20,10493.61,85.71,高估,9.34,高估
2015-08-21,9982.29,81.48,高估,8.88,高估
2015-08-24,9244.63,75.09,高估,8.2,高估
2015-08-25,8588.5,69.49,高估,7.58,高估
2015-08-26,8248.39,65.43,高估,7.2,高估
2015-08-27,8557.96,67.99,高估,7.48,高估
2015-08-28,9061.07,72.27,高估,7.92,高估
2015-08-31,8710.84,69.63,高估,7.59,高估
2015-09-01,8235.25,65.74,高估,7.16,高估
2015-09-02,8151.98,65.05,高估,7.09,高估
2015-09-07,8261.47,65.91,高估,7.18,高估
2015-09-08,8675.63,69.31,高估,7.55,高估
2015-09-09,8990.42,71.83,高估,7.83,高估
2015-09-10,8808.82,70.32,高估,7.66,高估
2015-09-11,8828.99,70.61,高估,7.68,高估
2015-09-14,8262.12,65.96,高估,7.17,高估
2015-09-15,7852.02,62.62,高估,6.81,高估
2015-09-16,8342.29,66.66,高估,7.25,高估
2015-09-17,8317.18,66.45,高估,7.22,高估
2015-09-18,8511.52,68.1,高估,7.4,高估
2015-09-21,8936.42,71.59,高估,7.78,高估
2015-09-22,8954.74,71.82,高估,7.81,高估
2015-09-23,8926.53,71.52,高估,7.77,高估
2015-09-24,9053.15,72.55,高估,7.89,高估
2015-09-25,8773.83,70.46,高估,7.66,高估
2015-09-28,9141.74,73.52,高估,7.99,高估
2015-09-29,9028.96,72.62,高估,7.89,高估
2015-09-30,9080.33,72.94,高估,7.92,高估
2015-10-08,9467.75,76.1,高估,8.27,高估
2015-10-09,9517.3,76.51,高估,8.31,高估
2015-10-12,9866.82,79.47,高估,8.6,高估
2015-10-13,10002.2,80.72,高估,8.73,高估
2015-10-14,9839.62,79.29,高估,8.58,高估
2015-10-15,10102.09,81.41,高估,8.81,高估
2015-10-16,10147.3,81.91,高估,8.86,高估
2015-10-19,10038.36,81.13,高估,8.78,高估
2015-10-20,10322.66,83.29,高估,9.01,高估
2015-10-21,9924.95,79.97,高估,8.65,高估
2015-10-22,10694.22,86.15,高估,9.32,高估
2015-10-23,11214.07,89.62,高估,9.7,高估
2015-10-26,10973.37,87.89,高估,9.47,高估
2015-10-27,11201.0,90.48,高估,9.59,高估
2015-10-28,10680.26,85.29,高估,9.11,高估
2015-10-29,10713.27,85.45,高估,9.14,高估
2015-10-30,10614.21,85.46,高估,9.02,高估
2015-11-02,10291.28,82.8,高估,8.72,高估
2015-11-03,10215.07,82.12,高估,8.65,高估
2015-11-04,10931.5,87.64,高估,9.23,高估
2015-11-05,10826.12,86.74,高估,9.14,高估
2015-11-06,11061.27,88.6,高估,9.33,高估
2015-11-09,11264.69,90.18,高估,9.5,高估
2015-11-10,11321.6,90.67,高估,9.55,高估
2015-11-11,11636.54,93.11,高估,9.81,高估
2015-11-12,11609.71,93.0,高估,9.8,高估
2015-11-13,11106.78,88.86,高估,9.36,高估
2015-11-16,11275.07,90.22,高估,9.5,高估
2015-11-17,11069.29,88.59,高估,9.33,高估
2015-11-18,10746.84,86.08,高估,9.07,高估
2015-11-19,11019.14,88.19,高估,9.29,高估
2015-11-20,11078.05,88.72,高估,9.35,高估
2015-11-23,11019.9,88.35,高估,9.31,高估
2015-11-24,11112.31,89.05,高估,9.38,高估
2015-11-25,11595.64,92.94,高估,9.79,高估
2015-11-26,11355.06,91.15,高估,9.6,高估
2015-11-27,10623.2,85.43,高估,9.0,高估
2015-11-30,10678.12,85.75,高估,9.03,高估
2015-12-01,10728.52,86.04,高估,9.06,高估
2015-12-02,10562.69,84.81,高估,8.93,高估
2015-12-03,10800.57,86.74,高估,9.14,高估
2015-12-04,10689.77,85.89,高估,9.05,高估
2015-12-07,10840.99,87.13,高估,9.17,高估
2015-12-08,10531.39,84.7,高估,8.92,高估
2015-12-09,10443.84,84.07,高估,8.85,高估
2015-12-10,10430.29,83.95,高估,8.84,高估
2015-12-11,10292.89,82.89,高估,8.73,高估
2015-12-14,10465.62,89.26,高估,9.35,高估
2015-12-15,10596.9,90.27,高估,9.46,高估
2015-12-16,10594.54,90.31,高估,9.46,高估
2015-12-17,10831.21,92.36,高估,9.68,高估
2015-12-18,10915.2,92.76,高估,9.72,高估
2015-12-21,11027.37,93.69,高估,9.82,高估
2015-12-22,11117.01,94.31,高估,9.88,高估
2015-12-23,10887.39,92.61,高估,9.7,高估
2015-12-24,10895.17,92.68,高估,9.71,高估
2015-12-25,10906.51,92.72,高估,9.71,高估
2015-12-28,10652.79,90.56,高估,9.49,高估
2015-12-29,10720.14,91.0,高估,9.53,高估
2015-12-30,10892.0,92.64,高估,9.69,高估
2015-12-31,10617.29,90.3,高估,9.44,高估
2016-01-04,9715.57,82.63,高估,8.64,高估
2016-01-05,9443.61,80.53,高估,8.42,高估
2016-01-06,9599.95,81.88,高估,8.56,高估
2016-01-07,8782.28,75.0,高估,7.84,高估
2016-01-08,8825.79,75.36,高估,7.88,高估
2016-01-11,8205.0,70.19,高估,7.34,高估
2016-01-12,8389.51,71.76,高估,7.5,高估
2016-01-13,8080.64,69.08,高估,7.22,高估
2016-01-14,8496.06,72.52,高估,7.58,高估
2016-01-15,8302.66,70.84,高估,7.41,高估
2016-01-18,8498.94,72.84,高估,7.62,高估
2016-01-19,8764.14,75.06,高估,7.85,高估
2016-01-20,8594.2,73.63,高估,7.7,高估
2016-01-21,8230.64,70.19,高估,7.34,高估
2016-01-22,8273.42,70.7,高估,7.28,高估
2016-01-25,8325.58,71.49,高估,7.21,高估
2016-01-26,7715.71,66.4,高估,6.7,高估
2016-01-27,7618.53,65.61,高估,6.62,偏高
2016-01-28,7332.02,63.04,高估,6.36,偏高
2016-01-29,7640.49,65.99,高估,6.65,高估
2016-02-01,7569.02,65.7,高估,6.59,偏高
2016-02-02,7848.85,68.09,高估,6.83,高估
2016-02-03,7866.11,68.12,高估,6.78,高估
2016-02-04,8032.87,69.62,高估,6.93,高估
2016-02-05,7953.66,69.18,高估,6.77,高估
2016-02-15,7957.74,69.29,高估,6.78,高估
2016-02-16,8298.0,72.14,高估,7.06,高估
2016-02-17,8351.01,72.65,高估,7.11,高估
2016-02-18,8282.5,72.09,高估,7.06,高估
2016-02-19,8349.98,72.64,高估,7.11,高估
2016-02-22,8468.91,73.82,高估,7.22,高估
2016-02-23,8415.76,73.27,高估,7.16,高估
2016-02-24,8460.32,73.59,高估,7.19,高估
2016-02-25,7834.53,67.86,高估,6.64,高估
2016-02-26,7672.88,66.68,高估,6.53,偏高
2016-02-29,7149.83,63.05,高估,6.02,偏高
2016-03-01,7313.37,64.43,高估,6.15,偏高
2016-03-02,7635.86,67.21,高估,6.42,偏高
2016-03-03,7646.45,66.75,高估,6.42,偏高
2016-03-04,7291.69,63.65,高估,6.13,偏高
2016-03-07,7456.75,65.1,高估,6.27,偏高
2016-03-08,7558.84,65.95,高估,6.36,偏高
2016-03-09,7536.37,65.65,高估,6.33,偏高
2016-03-10,7373.56,64.31,高估,6.2,偏高
2016-03-11,7350.64,64.19,高估,6.19,偏高
2016-03-14,7656.82,66.93,高估,6.46,偏高
2016-03-15,7586.88,66.38,高估,6.32,偏高
2016-03-16,7506.57,65.72,高估,6.25,偏高
2016-03-17,7842.02,68.66,高估,6.53,偏高
2016-03-18,8138.23,71.21,高估,6.78,高估
2016-03-21,8316.57,72.77,高估,6.93,高估
2016-03-22,8340.71,72.95,高估,6.94,高估
2016-03-23,8361.97,73.23,高估,6.97,高估
2016-03-24,8197.74,71.84,高估,6.84,高估
2016-03-25,8263.36,72.45,高估,6.89,高估
2016-03-28,8189.79,71.86,高估,6.83,高估
2016-03-29,7994.04,70.19,高估,6.68,高估
2016-03-30,8331.93,74.38,高估,6.96,高估
2016-03-31,8289.01,74.21,高估,6.93,高估
2016-04-01,8191.35,73.45,高估,6.86,高估
2016-04-05,8473.71,75.76,高估,7.08,高估
2016-04-06,8517.98,76.19,高估,7.12,高估
2016-04-07,8380.98,75.01,高估,7.01,高估
2016-04-08,8316.07,74.44,高估,6.96,高估
2016-04-11,8727.03,77.65,高估,7.28,高估
2016-04-12,8717.36,77.39,高估,7.25,高估
2016-04-13,8849.66,78.39,高估,7.37,高估
2016-04-14,8871.9,78.31,高估,7.38,高估
2016-04-15,8810.01,77.78,高估,7.33,高估
2016-04-18,8599.23,76.27,高估,7.17,高估
2016-04-19,8628.78,76.5,高估,7.19,高估
2016-04-20,8064.01,61.47,高估,6.62,偏高
2016-04-21,7983.04,60.48,高估,6.53,偏高
2016-04-22,8143.21,61.63,高估,6.66,高估
2016-04-25,8101.19,61.14,高估,6.62,偏高
2016-04-26,8272.76,62.61,高估,6.75,高估
2016-04-27,8182.23,61.63,高估,6.7,高估
2016-04-28,8209.74,61.65,高估,6.71,高估
2016-04-29,8147.54,61.31,高估,6.64,高估
2016-05-03,8385.52,63.57,高估,6.83,高估
2016-05-04,8372.2,63.58,高估,6.83,高估
2016-05-05,8437.04,64.12,高估,6.89,高估
2016-05-06,8072.21,61.43,高估,6.6,偏高
2016-05-09,7719.08,58.94,高估,6.34,偏高
2016-05-10,7712.24,58.85,高估,6.33,偏高
2016-05-11,7717.07,58.85,高估,6.33,偏高
2016-05-12,7719.98,58.78,高估,6.32,偏高
2016-05-13,7675.46,58.44,高估,6.28,偏高
2016-05-16,7808.01,59.46,高估,6.39,偏高
2016-05-17,8037.29,61.1,高估,6.58,偏高
2016-05-18,7732.76,58.79,高估,6.35,偏高
2016-05-19,7754.29,59.0,高估,6.39,偏高
2016-05-20,7837.67,59.63,高估,6.47,偏高
2016-05-23,7938.42,60.47,高估,6.56,偏高
2016-05-24,7809.96,59.48,高估,6.45,偏高
2016-05-25,7802.27,59.43,高估,6.45,偏高
2016-05-26,7881.98,59.97,高估,6.5,偏高
2016-05-27,7819.29,59.5,高估,6.45,偏高
2016-05-30,7807.7,59.42,高估,6.44,偏高
2016-05-31,8156.2,61.98,高估,6.72,高估
2016-06-01,8184.3,62.17,高估,6.75,高估
2016-06-02,8249.12,62.7,高估,6.81,高估
2016-06-03,8342.59,63.29,高估,6.87,高估
2016-06-06,8332.68,63.22,高估,6.86,高估
2016-06-07,8311.88,63.14,高估,6.85,高估
2016-06-08,8255.41,62.7,高估,6.8,高估
2016-06-13,7809.21,59.25,高估,6.43,偏高
2016-06-14,7821.27,59.5,高估,6.38,偏高
2016-06-15,8051.52,61.18,高估,6.56,偏高
2016-06-16,7995.26,60.74,高估,6.52,偏高
2016-06-17,8246.95,62.69,高估,6.73,高估
2016-06-20,8234.28,62.62,高估,6.72,高估
2016-06-21,8104.43,61.67,高估,6.6,偏高
2016-06-22,8229.38,62.62,高估,6.71,高估
2016-06-23,8126.8,61.76,高估,6.63,高估
2016-06-24,8080.47,61.81,高估,6.39,偏高
2016-06-27,8290.2,63.53,高估,6.48,偏高
2016-06-28,8439.09,64.77,高估,6.61,偏高
2016-06-29,8452.18,65.01,高估,6.63,高估
2016-06-30,8478.34,65.27,高估,6.65,高估
2016-07-01,8403.68,64.73,高估,6.6,偏高
2016-07-04,8571.89,66.01,高估,6.73,高估
2016-07-05,8557.56,65.84,高估,6.71,高估
2016-07-06,8599.08,66.14,高估,6.74,高估
2016-07-07,8716.84,66.96,高估,6.83,高估
2016-07-08,8710.7,66.87,高估,6.85,高估
2016-07-11,8613.77,66.08,高估,6.76,高估
2016-07-12,8768.23,67.29,高估,6.89,高估
2016-07-13,8819.05,67.69,高估,6.93,高估
2016-07-14,8810.27,67.66,高估,6.92,高估
2016-07-15,8708.74,66.93,高估,6.86,高估
2016-07-18,8705.21,66.97,高估,6.86,高估
2016-07-19,8740.4,67.16,高估,6.88,高估
2016-07-20,8776.59,67.44,高估,6.91,高估
2016-07-21,8790.61,67.59,高估,6.92,高估
2016-07-22,8736.51,67.1,高估,6.88,高估
2016-07-25,8738.52,67.13,高估,6.88,高估
2016-07-26,8891.68,68.24,高估,6.99,高估
2016-07-27,8448.86,64.91,高估,6.65,高估
2016-07-28,8403.86,64.62,高估,6.62,偏高
2016-07-29,8401.78,64.08,高估,6.6,偏高
2016-08-01,8277.55,63.19,高估,6.51,偏高
2016-08-02,8346.04,63.72,高估,6.56,偏高
2016-08-03,8401.72,64.15,高估,6.6,偏高
2016-08-04,8437.87,64.4,高估,6.63,高估
2016-08-05,8352.28,63.81,高估,6.57,偏高
2016-08-08,8456.19,64.57,高估,6.64,高估
2016-08-09,8541.89,65.18,高估,6.71,高估
2016-08-10,8549.93,65.23,高估,6.71,高估
2016-08-11,8447.87,64.45,高估,6.63,高估
2016-08-12,8564.97,65.32,高估,6.72,高估
2016-08-15,8764.54,66.84,高估,6.88,高估
2016-08-16,8849.91,67.26,高估,6.94,高估
2016-08-17,8855.85,67.3,高估,6.94,高估
2016-08-18,8824.81,67.05,高估,6.92,高估
2016-08-19,8820.95,67.22,高估,6.91,高估
2016-08-22,8743.75,66.14,高估,6.85,高估
2016-08-23,8779.14,66.42,高估,6.86,高估
2016-08-24,8789.58,66.49,高估,6.86,高估
2016-08-25,8780.83,66.75,高估,6.86,高估
2016-08-26,8856.45,67.07,高估,6.89,高估
2016-08-29,8899.38,63.65,高估,6.86,高估
2016-08-30,8885.97,63.53,高估,6.83,高估
2016-08-31,8878.43,63.7,高估,6.83,高估
2016-09-01,8780.29,62.98,高估,6.75,高估
2016-09-02,8730.64,62.59,高估,6.71,高估
2016-09-05,8725.65,62.52,高估,6.7,高估
2016-09-06,8873.63,63.57,高估,6.81,高估
2016-09-07,8920.58,63.82,高估,6.84,高估
2016-09-08,8929.67,63.9,高估,6.85,高估
2016-09-09,8817.7,63.12,高估,6.77,高估
2016-09-12,8512.23,60.97,高估,6.54,偏高
2016-09-13,8556.16,61.24,高估,6.56,偏高
2016-09-14,8528.19,61.03,高估,6.54,偏高
2016-09-19,8656.81,61.91,高估,6.64,高估
2016-09-20,8644.3,61.77,高估,6.62,偏高
2016-09-21,8642.39,61.8,高估,6.62,偏高
2016-09-22,8677.39,61.99,高估,6.64,高估
2016-09-23,8650.58,61.78,高估,6.62,偏高
2016-09-26,8505.37,60.79,高估,6.52,偏高
2016-09-27,8582.65,61.46,高估,6.52,偏高
2016-09-28,8558.16,61.31,高估,6.47,偏高
2016-09-29,8595.56,61.63,高估,6.51,偏高
2016-09-30,8634.3,61.88,高估,6.53,偏高
2016-10-10,8809.93,63.18,高估,6.67,高估
2016-10-11,8819.85,63.27,高估,6.68,高估
2016-10-12,8824.04,63.3,高估,6.68,高估
2016-10-13,8836.43,63.35,高估,6.69,高估
2016-10-14,8838.45,63.39,高估,6.69,高估
2016-10-17,8779.73,63.0,高估,6.64,高估
2016-10-18,8867.97,63.67,高估,6.71,高估
2016-10-19,8830.9,63.42,高估,6.68,高估
2016-10-20,8825.66,63.4,高估,6.68,高估
2016-10-21,8788.13,63.03,高估,6.64,高估
2016-10-24,8825.9,63.22,高估,6.67,高估
2016-10-25,8799.72,62.7,高估,6.63,高估
2016-10-26,8831.94,62.78,高估,6.65,高估
2016-10-27,8787.98,62.38,高估,6.61,偏高
2016-10-28,8681.12,60.54,高估,6.47,偏高
2016-10-31,8682.04,60.78,高估,6.43,偏高
2016-11-01,8756.1,61.31,高估,6.49,偏高
2016-11-02,8686.39,60.85,高估,6.44,偏高
2016-11-03,8713.14,60.99,高估,6.46,偏高
2016-11-04,8702.34,60.99,高估,6.46,偏高
2016-11-07,8647.32,60.55,高估,6.41,偏高
2016-11-08,8699.11,60.86,高估,6.44,偏高
2016-11-09,8607.07,60.16,高估,6.37,偏高
2016-11-10,8695.2,60.79,高估,6.44,偏高
2016-11-11,8702.96,60.86,高估,6.45,偏高
2016-11-14,8744.64,61.14,高估,6.48,偏高
2016-11-15,8767.04,61.35,高估,6.49,偏高
2016-11-16,8781.55,61.45,高估,6.5,偏高
2016-11-17,8788.44,61.44,高估,6.5,偏高
2016-11-18,8763.78,61.25,高估,6.48,偏高
2016-11-21,8770.2,61.48,高估,6.41,偏高
2016-11-22,8836.92,61.97,高估,6.46,偏高
2016-11-23,8777.55,61.56,高估,6.42,偏高
2016-11-24,8696.8,61.05,高估,6.37,偏高
2016-11-25,8783.19,61.6,高估,6.42,偏高
2016-11-28,8852.99,62.03,高估,6.47,偏高
2016-11-29,8766.36,61.38,高估,6.4,偏高
2016-11-30,8832.52,61.83,高估,6.45,偏高
2016-12-01,8867.02,62.02,高估,6.47,偏高
2016-12-02,8743.45,61.14,高估,6.37,偏高
2016-12-05,8725.69,61.04,高估,6.36,偏高
2016-12-06,8711.55,60.99,高估,6.36,偏高
2016-12-07,8759.04,61.3,高估,6.39,偏高
2016-12-08,8709.34,60.95,高估,6.35,偏高
2016-12-09,8688.12,60.79,高估,6.34,偏高
2016-12-12,8177.16,59.75,高估,6.15,偏高
2016-12-13,8178.76,59.8,高估,6.16,偏高
2016-12-14,8112.19,59.33,高估,6.11,偏高
2016-12-15,8146.1,59.61,高估,6.14,偏高
2016-12-16,8214.04,60.07,高估,6.19,偏高
2016-12-19,8192.82,59.91,高估,6.17,偏高
2016-12-20,8192.79,59.89,高估,6.17,偏高
2016-12-21,8221.2,60.14,高估,6.19,偏高
2016-12-22,8234.35,60.23,高估,6.2,偏高
2016-12-23,8152.62,59.74,高估,6.1,偏高
2016-12-26,8171.33,59.92,高估,6.11,偏高
2016-12-27,8112.09,59.51,高估,6.07,偏高
2016-12-28,8070.29,59.26,高估,6.05,偏高
2016-12-29,8033.38,58.98,高估,6.02,偏高
2016-12-30,8028.22,58.91,高估,6.01,偏高
2017-01-03,8077.45,59.27,高估,6.05,偏高
2017-01-04,8155.59,59.86,高估,6.11,偏高
2017-01-05,8120.0,59.62,高估,6.08,偏高
2017-01-06,8041.75,59.04,高估,6.02,偏高
2017-01-09,8033.44,58.96,高估,6.02,偏高
2017-01-10,7977.71,58.52,高估,5.97,偏高
2017-01-11,7901.3,57.95,偏高,5.91,偏高
2017-01-12,7845.8,57.53,偏高,5.87,偏高
2017-01-13,7690.32,56.46,偏高,5.76,偏高
2017-01-16,7382.93,54.23,偏高,5.53,正常
2017-01-17,7436.22,54.62,偏高,5.57,正常
2017-01-18,7370.55,54.11,偏高,5.52,正常
2017-01-19,7366.88,54.1,偏高,5.52,正常
2017-01-20,7476.36,54.89,偏高,5.6,正常
2017-01-23,7533.47,55.33,偏高,5.65,偏高
2017-01-24,7477.8,55.11,偏高,5.57,正常
2017-01-25,7511.48,55.41,偏高,5.6,正常
2017-01-26,7571.91,55.84,偏高,5.64,偏高
2017-02-03,7550.85,55.68,偏高,5.63,偏高
2017-02-06,7628.16,56.26,偏高,5.68,偏高
2017-02-07,7604.03,56.09,偏高,5.67,偏高
2017-02-08,7695.58,56.47,偏高,5.73,偏高
2017-02-09,7742.59,56.77,偏高,5.76,偏高
2017-02-10,7711.34,56.63,偏高,5.65,偏高
2017-02-13,7769.6,57.11,偏高,5.7,偏高
2017-02-14,7733.1,56.85,偏高,5.67,偏高
2017-02-15,7686.66,56.49,偏高,5.64,偏高
2017-02-16,7692.52,56.58,偏高,5.63,偏高
2017-02-17,7638.6,56.8,偏高,5.6,正常
2017-02-20,7671.57,57.31,偏高,5.63,偏高
2017-02-21,7749.28,57.94,偏高,5.67,偏高
2017-02-22,7747.43,57.89,偏高,5.67,偏高
2017-02-23,7792.44,58.18,偏高,5.7,偏高
2017-02-24,7822.71,58.4,高估,5.72,偏高
2017-02-27,7750.19,57.63,偏高,5.65,偏高
2017-02-28,7751.74,56.36,偏高,5.6,正常
2017-03-01,7773.97,56.33,偏高,5.61,正常
2017-03-02,7724.03,55.94,偏高,5.57,正常
2017-03-03,7745.31,56.07,偏高,5.59,正常
2017-03-06,7839.75,56.74,偏高,5.65,偏高
2017-03-07,7896.39,57.13,偏高,5.69,偏高
2017-03-08,7847.58,56.79,偏高,5.66,偏高
2017-03-09,7830.29,56.68,偏高,5.65,偏高
2017-03-10,7789.65,56.39,偏高,5.62,偏高
2017-03-13,7834.83,56.69,偏高,5.65,偏高
2017-03-14,7810.96,56.54,偏高,5.63,偏高
2017-03-15,7792.32,56.42,偏高,5.62,偏高
2017-03-16,7839.21,56.75,偏高,5.65,偏高
2017-03-17,7796.51,56.46,偏高,5.62,偏高
2017-03-20,7803.11,56.53,偏高,5.63,偏高
2017-03-21,7791.16,56.48,偏高,5.63,偏高
2017-03-22,7781.37,56.46,偏高,5.62,偏高
2017-03-23,7770.22,56.4,偏高,5.62,偏高
2017-03-24,7795.71,56.61,偏高,5.64,偏高
2017-03-27,7764.95,56.36,偏高,5.61,正常
2017-03-28,7746.94,56.27,偏高,5.69,偏高
2017-03-29,7680.14,55.77,偏高,5.64,偏高
2017-03-30,7519.29,54.65,偏高,5.53,正常
2017-03-31,7548.85,54.88,偏高,5.54,正常
2017-04-05,7633.71,56.03,偏高,5.61,正常
2017-04-06,7646.87,56.19,偏高,5.63,偏高
2017-04-07,7663.8,56.32,偏高,5.64,偏高
2017-04-10,7570.36,55.71,偏高,5.57,正常
2017-04-11,7577.36,55.85,偏高,5.58,正常
2017-04-12,7522.92,55.43,偏高,5.54,正常
2017-04-13,7543.86,55.59,偏高,5.56,正常
2017-04-14,7467.44,57.17,偏高,5.52,正常
2017-04-17,7396.72,55.46,偏高,5.46,正常
2017-04-18,7302.48,54.84,偏高,5.4,正常
2017-04-19,7229.19,54.33,偏高,5.35,正常
2017-04-20,7221.52,53.89,偏高,5.33,正常
2017-04-21,7263.55,54.23,偏高,5.36,正常
2017-04-24,7137.51,53.03,偏高,5.26,正常
2017-04-25,7166.43,52.48,偏高,5.27,正常
2017-04-26,7184.29,52.93,偏高,5.27,正常
2017-04-27,7230.88,59.69,高估,5.18,正常
2017-04-28,7257.85,60.54,高估,5.28,正常
2017-05-02,7257.5,62.3,高估,5.28,正常
2017-05-03,7228.34,62.06,高估,5.26,正常
2017-05-04,7205.14,61.84,高估,5.24,正常
2017-05-05,7131.7,61.31,高估,5.19,正常
2017-05-08,7099.38,61.04,高估,5.17,正常
2017-05-09,7117.83,61.29,高估,5.19,正常
2017-05-10,6967.6,60.18,高估,5.1,正常
2017-05-11,6889.28,59.64,高估,5.05,正常
2017-05-12,6870.54,59.51,高估,5.04,正常
2017-05-15,6877.6,59.59,高估,5.05,正常
2017-05-16,7035.73,61.04,高估,5.13,正常
2017-05-17,7061.88,61.13,高估,5.14,正常
2017-05-18,7009.3,60.74,高估,5.12,正常
2017-05-19,7044.34,61.17,高估,5.17,正常
2017-05-22,6998.81,60.71,高估,5.13,正常
2017-05-23,6853.02,59.53,高估,5.03,正常
2017-05-24,6920.67,60.04,高估,5.07,正常
2017-05-25,6955.92,60.21,高估,5.09,正常
2017-05-26,6942.31,60.1,高估,5.1,正常
2017-05-31,6867.56,59.52,高估,5.05,正常
2017-06-01,6717.68,58.28,高估,4.95,正常
2017-06-02,6761.53,58.58,高估,4.98,正常
2017-06-05,6800.92,58.87,高估,5.0,正常
2017-06-06,6815.1,58.98,高估,5.01,正常
2017-06-07,6990.44,60.48,高估,5.14,正常
2017-06-08,6967.85,60.27,高估,5.12,正常
2017-06-09,6974.01,60.33,高估,5.13,正常
2017-06-12,6891.97,60.3,高估,5.48,正常
2017-06-13,6979.52,61.08,高估,5.55,正常
2017-06-14,6968.87,61.03,高估,5.55,正常
2017-06-15,7069.4,61.94,高估,5.63,偏高
2017-06-16,7024.1,61.6,高估,5.62,偏高
2017-06-19,7029.0,61.6,高估,5.62,偏高
2017-06-20,7011.79,61.43,高估,5.6,正常
2017-06-21,7038.28,61.66,高估,5.62,偏高
2017-06-22,6945.63,60.85,高估,5.55,正常
2017-06-23,6980.98,61.18,高估,5.58,正常
2017-06-26,7056.65,61.81,高估,5.64,偏高
2017-06-27,7115.71,62.3,高估,5.68,偏高
2017-06-28,7069.29,61.86,高估,5.65,偏高
2017-06-29,7108.49,62.16,高估,5.68,偏高
2017-06-30,7136.48,62.45,高估,5.71,偏高
2017-07-03,7202.89,63.01,高估,5.76,偏高
2017-07-04,7119.83,62.3,高估,5.7,偏高
2017-07-05,7179.59,62.85,高估,5.75,偏高
2017-07-06,7134.24,62.48,高估,5.72,偏高
2017-07-07,7115.9,62.35,高估,5.71,偏高
2017-07-10,7042.19,61.65,高估,5.64,偏高
2017-07-11,7030.79,61.49,高估,5.64,偏高
2017-07-12,6992.69,61.14,高估,5.61,正常
2017-07-13,7050.01,61.48,高估,5.64,偏高
2017-07-14,6949.42,60.73,高估,5.57,正常
2017-07-17,6547.88,57.02,偏高,5.25,正常
2017-07-18,6505.32,56.65,偏高,5.22,正常
2017-07-19,6552.38,57.07,偏高,5.26,正常
2017-07-20,6602.39,57.46,偏高,5.29,正常
2017-07-21,6563.56,57.15,偏高,5.26,正常
2017-07-24,6579.09,57.25,偏高,5.27,正常
2017-07-25,6568.15,56.95,偏高,5.26,正常
2017-07-26,6512.87,56.51,偏高,5.14,正常
2017-07-27,6656.52,57.68,偏高,5.25,正常
2017-07-28,6613.06,57.29,偏高,5.21,正常
2017-07-31,6631.3,57.45,偏高,5.22,正常
2017-08-01,6645.07,57.49,偏高,5.23,正常
2017-08-02,6591.8,57.01,偏高,5.19,正常
2017-08-03,6618.37,57.24,偏高,5.21,正常
2017-08-04,6561.74,56.7,偏高,5.17,正常
2017-08-07,6607.2,57.07,偏高,5.2,正常
2017-08-08,6679.44,57.71,偏高,5.26,正常
2017-08-09,6728.58,58.16,偏高,5.3,正常
2017-08-10,6687.23,57.83,偏高,5.27,正常
2017-08-11,6630.7,57.23,偏高,5.23,正常
2017-08-14,6748.7,58.25,偏高,5.33,正常
2017-08-15,6758.04,58.11,偏高,5.32,正常
2017-08-16,6818.89,58.83,高估,5.37,正常
2017-08-17,6837.46,59.39,高估,5.39,正常
2017-08-18,6807.92,58.9,高估,5.36,正常
2017-08-21,6826.01,58.68,高估,5.36,正常
2017-08-22,6777.22,57.85,偏高,5.3,正常
2017-08-23,6782.28,57.81,偏高,5.3,正常
2017-08-24,6688.49,57.05,偏高,5.23,正常
2017-08-25,6749.98,56.91,偏高,5.27,正常
2017-08-28,6841.06,60.15,高估,5.34,正常
2017-08-29,6834.15,58.71,高估,5.29,正常
2017-08-30,6866.89,59.09,高估,5.32,正常
2017-08-31,6900.56,59.37,高估,5.33,正常
2017-09-01,6931.02,59.6,高估,5.35,正常
2017-09-04,6956.96,59.9,高估,5.38,正常
2017-09-05,7010.17,60.31,高估,5.42,正常
2017-09-06,7027.64,60.38,高估,5.42,正常
2017-09-07,7022.76,60.38,高估,5.42,正常
2017-09-08,7079.14,60.95,高估,5.48,正常
2017-09-11,7037.46,60.68,高估,5.45,正常
2017-09-12,7003.24,60.33,高估,5.42,正常
2017-09-13,7009.64,60.36,高估,5.42,正常
2017-09-14,7007.64,60.32,高估,5.42,正常
2017-09-15,6975.72,60.02,高估,5.39,正常
2017-09-18,7049.81,60.65,高估,5.45,正常
2017-09-19,7061.23,60.81,高估,5.47,正常
2017-09-20,7086.24,61.05,高估,5.49,正常
2017-09-21,7008.52,60.43,高估,5.43,正常
2017-09-22,6981.09,60.3,高估,5.42,正常
2017-09-25,6947.43,60.02,高估,5.4,正常
2017-09-26,6907.43,59.65,高估,5.37,正常
2017-09-27,6917.9,59.73,高估,5.37,正常
2017-09-28,6914.25,59.74,高估,5.37,正常
2017-09-29,6966.7,60.18,高估,5.41,正常
2017-10-09,7054.06,60.81,高估,5.47,正常
2017-10-10,7477.09,64.44,高估,5.8,偏高
2017-10-11,7416.83,64.06,高估,5.76,偏高
2017-10-12,7450.41,64.35,高估,5.79,偏高
2017-10-13,7485.33,64.73,高估,5.83,偏高
2017-10-16,7278.56,62.95,高估,5.67,偏高
2017-10-17,7270.17,62.88,高估,5.66,偏高
2017-10-18,7287.48,63.06,高估,5.68,偏高
2017-10-19,7339.56,63.51,高估,5.72,偏高
2017-10-20,7334.2,63.43,高估,5.71,偏高
2017-10-23,7401.42,63.65,高估,5.76,偏高
2017-10-24,7346.45,61.97,高估,5.68,偏高
2017-10-25,7442.07,63.18,高估,5.64,偏高
2017-10-26,7392.49,62.47,高估,5.59,正常
2017-10-27,7345.44,60.97,高估,5.52,正常
2017-10-30,7173.01,59.64,高估,5.35,正常
2017-10-31,7212.03,59.78,高估,5.36,正常
2017-11-01,7175.26,59.52,高估,5.34,正常
2017-11-02,7163.62,59.52,高估,5.34,正常
2017-11-03,7081.57,58.9,高估,5.28,正常
2017-11-06,7222.95,60.13,高估,5.39,正常
2017-11-07,7308.97,60.9,高估,5.46,正常
2017-11-08,7256.07,60.37,高估,5.41,正常
2017-11-09,7265.69,60.44,高估,5.42,正常
2017-11-10,7285.34,60.57,高估,5.43,正常
2017-11-13,7413.25,61.89,高估,5.52,正常
2017-11-14,7398.3,61.74,高估,5.5,正常
2017-11-15,7346.56,61.25,高估,5.46,正常
2017-11-16,7419.63,61.97,高估,5.52,正常
2017-11-17,7140.17,59.69,高估,5.32,正常
2017-11-20,7165.15,59.84,高估,5.33,正常
2017-11-21,7098.15,59.29,高估,5.28,正常
2017-11-22,7116.02,59.38,高估,5.29,正常
2017-11-23,6843.53,57.03,偏高,5.06,正常
2017-11-24,6831.06,56.93,偏高,5.05,正常
2017-11-27,6683.95,55.66,偏高,4.94,正常
2017-11-28,6796.32,56.62,偏高,5.02,正常
2017-11-29,6783.48,56.49,偏高,5.01,正常
2017-11-30,6742.34,56.13,偏高,4.98,正常
2017-12-01,6836.98,56.98,偏高,5.05,正常
2017-12-04,6785.49,56.61,偏高,5.02,正常
2017-12-05,6640.23,55.37,偏高,4.91,正常
2017-12-06,6696.06,55.83,偏高,4.95,正常
2017-12-07,6737.53,56.17,偏高,4.98,正常
2017-12-08,6812.05,56.83,偏高,5.04,正常
2017-12-11,6917.55,57.7,偏高,5.11,正常
2017-12-12,6860.19,57.27,偏高,5.07,正常
2017-12-13,6928.02,57.85,偏高,5.13,正常
2017-12-14,6888.84,57.56,偏高,5.1,正常
2017-12-15,6902.8,57.59,偏高,5.1,正常
2017-12-18,6854.31,57.26,偏高,5.07,正常
2017-12-19,6912.86,57.76,偏高,5.12,正常
2017-12-20,6883.16,57.62,偏高,5.11,正常
2017-12-21,6944.94,58.2,偏高,5.14,正常
2017-12-22,6880.71,57.64,偏高,5.09,正常
2017-12-25,6875.06,57.68,偏高,5.08,正常
2017-12-26,6897.58,57.99,偏高,5.1,正常
2017-12-27,6826.16,57.33,偏高,5.05,正常
2017-12-28,6848.49,57.55,偏高,5.07,正常
2017-12-29,6943.15,58.33,高估,5.14,正常
2018-01-02,6945.33,58.28,高估,5.13,正常
2018-01-03,6949.41,58.27,高估,5.13,正常
2018-01-04,6955.79,58.35,高估,5.14,正常
2018-01-05,7067.72,59.32,高估,5.22,正常
2018-01-08,7086.41,59.8,高估,5.17,正常
2018-01-09,7140.35,60.31,高估,5.21,正常
2018-01-10,7082.23,59.83,高估,5.17,正常
2018-01-11,7121.33,60.16,高估,5.2,正常
2018-01-12,7088.11,59.94,高估,5.18,正常
2018-01-15,6977.57,58.98,高估,5.1,正常
2018-01-16,7016.23,59.43,高估,5.14,正常
2018-01-17,7065.13,59.81,高估,5.17,正常
2018-01-18,7062.32,59.89,高估,5.18,正常
2018-01-19,7033.53,59.65,高估,5.16,正常
2018-01-22,7101.48,60.24,高估,5.21,正常
2018-01-23,7097.12,60.25,高估,5.21,正常
2018-01-24,7241.27,61.46,高估,5.31,正常
2018-01-25,7214.27,61.16,高估,5.29,正常
2018-01-26,7223.85,61.13,高估,5.28,正常
2018-01-29,7122.12,60.32,高估,5.21,正常
2018-01-30,7155.64,60.6,高估,5.24,正常
2018-01-31,7010.47,59.43,高估,5.14,正常
2018-02-01,6781.62,57.51,偏高,4.97,正常
2018-02-02,6777.13,57.65,偏高,4.96,正常
2018-02-05,6726.18,57.02,偏高,4.91,正常
2018-02-06,6440.36,54.28,偏高,4.7,低估
2018-02-07,6477.79,54.53,偏高,4.72,低估
2018-02-08,6589.32,55.38,偏高,4.79,正常
2018-02-09,6376.91,53.62,偏高,4.64,低估
2018-02-12,6597.71,54.47,偏高,4.79,正常
2018-02-13,6599.29,54.52,偏高,4.79,正常
2018-02-14,6642.7,54.94,偏高,4.83,正常
2018-02-22,6760.68,55.98,偏高,4.91,正常
2018-02-23,6745.11,55.82,偏高,4.9,正常
2018-02-26,6946.54,56.19,偏高,5.04,正常
2018-02-27,6938.19,55.06,偏高,5.0,正常
2018-02-28,6975.04,61.74,高估,5.05,正常
2018-03-01,7088.63,62.78,高估,5.14,正常
2018-03-02,7073.58,62.67,高估,5.13,正常
2018-03-05,7169.15,63.5,高估,5.2,正常
2018-03-06,7297.68,64.58,高估,5.29,正常
2018-03-07,7286.38,64.44,高估,5.28,正常
2018-03-08,7412.95,65.7,高估,5.38,正常
2018-03-09,7484.34,66.21,高估,5.42,正常
2018-03-12,7551.71,66.85,高估,5.47,正常
2018-03-13,7448.28,65.93,高估,5.4,正常
2018-03-14,7360.8,65.27,高估,5.32,正常
2018-03-15,7341.45,65.09,高估,5.3,正常
2018-03-16,7329.25,65.08,高估,5.3,正常
2018-03-19,7532.28,66.75,高估,5.44,正常
2018-03-20,7669.23,67.95,高估,5.53,正常
2018-03-21,7634.7,67.72,高估,5.52,正常
2018-03-22,7588.19,67.31,高估,5.48,正常
2018-03-23,7366.76,65.41,高估,5.33,正常
2018-03-26,7643.9,67.84,高估,5.53,正常
2018-03-27,7846.92,69.66,高估,5.67,偏高
2018-03-28,7821.21,69.25,高估,5.64,偏高
2018-03-29,7736.21,68.21,高估,5.57,正常
2018-03-30,8019.95,70.82,高估,5.77,偏高
2018-04-02,7979.73,70.41,高估,5.75,偏高
2018-04-03,7945.56,70.05,高估,5.73,偏高
2018-04-04,7859.42,69.18,高估,5.66,偏高
2018-04-09,7906.24,69.64,高估,5.7,偏高
2018-04-10,8006.57,70.73,高估,5.78,偏高
2018-04-11,7974.85,70.38,高估,5.75,偏高
2018-04-12,8067.42,71.21,高估,5.82,偏高
2018-04-13,7962.52,70.28,高估,5.75,偏高
2018-04-16,8064.2,69.04,高估,5.83,偏高
2018-04-17,7850.03,66.72,高估,5.66,偏高
2018-04-18,8003.76,68.02,高估,5.77,偏高
2018-04-19,8038.11,68.33,高估,5.79,偏高
2018-04-20,7950.14,67.51,高估,5.73,偏高
2018-04-23,7836.69,66.06,高估,5.63,偏高
2018-04-24,8001.17,67.22,高估,5.74,偏高
2018-04-25,8301.48,69.3,高估,5.93,偏高
2018-04-26,8147.48,67.53,高估,5.82,偏高
2018-04-27,8356.57,68.68,高估,5.99,偏高
2018-05-02,8390.59,67.18,高估,5.99,偏高
2018-05-03,8292.9,66.38,高估,5.92,偏高
2018-05-04,8369.33,67.03,高估,5.98,偏高
2018-05-07,8502.82,68.07,高估,6.07,偏高
2018-05-08,8454.23,67.6,高估,6.03,偏高
2018-05-09,8418.79,67.3,高估,6.0,偏高
2018-05-10,8602.11,68.86,高估,6.14,偏高
2018-05-11,8354.27,66.91,高估,5.92,偏高
2018-05-14,8300.04,66.6,高估,5.9,偏高
2018-05-15,8450.97,67.77,高估,6.0,偏高
2018-05-16,8503.29,68.17,高估,6.04,偏高
2018-05-17,8404.69,67.4,高估,5.97,偏高
2018-05-18,8421.8,67.64,高估,5.99,偏高
2018-05-21,8485.53,68.1,高估,6.03,偏高
2018-05-22,8638.36,69.37,高估,6.15,偏高
2018-05-23,8588.57,68.97,高估,6.11,偏高
2018-05-24,8659.86,69.42,高估,6.18,偏高
2018-05-25,8599.28,68.99,高估,6.15,偏高
2018-05-28,8655.56,69.51,高估,6.2,偏高
2018-05-29,8404.53,67.18,高估,5.99,偏高
2018-05-30,8287.92,66.19,高估,5.91,偏高
2018-05-31,8563.21,68.49,高估,6.12,偏高
2018-06-01,8281.91,66.23,高估,5.91,偏高
2018-06-04,8237.42,65.85,高估,5.88,偏高
2018-06-05,8465.99,67.66,高估,6.04,偏高
2018-06-06,8523.88,68.1,高估,6.08,偏高
2018-06-07,8360.54,66.7,高估,5.96,偏高
2018-06-08,8343.19,66.61,高估,5.96,偏高
2018-06-11,8140.33,63.05,高估,6.11,偏高
2018-06-12,8244.82,63.79,高估,6.18,偏高
2018-06-13,8076.79,62.52,高估,6.06,偏高
2018-06-14,8027.51,62.11,高估,6.02,偏高
2018-06-15,7918.21,61.35,高估,5.94,偏高
2018-06-19,7549.9,58.7,高估,5.69,偏高
2018-06-20,7792.44,60.89,高估,5.9,偏高
2018-06-21,7733.54,60.54,高估,5.87,偏高
2018-06-22,7822.11,61.21,高估,5.95,偏高
2018-06-25,7860.0,61.66,高估,5.99,偏高
2018-06-26,7892.71,61.79,高估,6.01,偏高
2018-06-27,7686.74,60.09,高估,5.84,偏高
2018-06-28,7597.71,59.4,高估,5.77,偏高
2018-06-29,7887.9,61.63,高估,5.99,偏高
2018-07-02,7877.23,61.55,高估,5.99,偏高
2018-07-03,7908.27,61.53,高估,5.99,偏高
2018-07-04,7711.14,59.88,高估,5.83,偏高
2018-07-05,7501.25,58.23,偏高,5.67,偏高
2018-07-06,7528.0,58.5,高估,5.7,偏高
2018-07-09,7835.98,60.98,高估,5.94,偏高
2018-07-10,7887.23,61.41,高估,5.99,偏高
2018-07-11,7845.27,61.23,高估,5.98,偏高
2018-07-12,8066.44,62.95,高估,6.14,偏高
2018-07-13,8163.42,63.78,高估,6.23,偏高
2018-07-16,8246.47,64.54,高估,6.32,偏高
2018-07-17,8172.05,63.87,高估,6.26,偏高
2018-07-18,8076.49,63.16,高估,6.19,偏高
2018-07-19,7894.34,61.77,高估,6.05,偏高
2018-07-20,7923.55,61.92,高估,6.07,偏高
2018-07-23,7726.02,60.2,高估,5.9,偏高
2018-07-24,7819.11,60.82,高估,5.96,偏高
2018-07-25,7967.0,62.03,高估,6.08,偏高
2018-07-26,7883.8,61.38,高估,6.01,偏高
2018-07-27,7809.8,59.91,高估,5.95,偏高
2018-07-30,7527.82,57.54,偏高,5.71,偏高
2018-07-31,7562.14,57.41,偏高,5.73,偏高
2018-08-01,7375.06,55.89,偏高,5.57,正常
2018-08-02,7303.21,53.73,偏高,5.49,正常
2018-08-03,7053.46,51.57,偏高,5.28,正常
2018-08-06,6862.65,49.83,偏高,5.11,正常
2018-08-07,7044.9,51.13,偏高,5.24,正常
2018-08-08,6865.29,49.61,偏高,5.09,正常
2018-08-09,7106.71,51.37,偏高,5.27,正常
2018-08-10,7212.92,52.29,偏高,5.37,正常
2018-08-13,7310.96,52.68,偏高,5.44,正常
2018-08-14,7301.08,52.65,偏高,5.43,正常
2018-08-15,7079.86,50.92,偏高,5.25,正常
2018-08-16,7055.52,50.79,偏高,5.24,正常
2018-08-17,6779.2,48.4,偏高,5.0,正常
2018-08-20,6711.55,48.0,偏高,4.96,正常
2018-08-21,6996.59,50.0,偏高,5.2,正常
2018-08-22,6939.37,49.54,偏高,5.15,正常
2018-08-23,7035.72,50.18,偏高,5.22,正常
2018-08-24,7026.87,41.33,正常,5.1,正常
2018-08-27,7349.65,42.82,偏高,5.32,正常
2018-08-28,7341.58,42.62,偏高,5.31,正常
2018-08-29,7318.21,42.36,偏高,5.28,正常
2018-08-30,7204.38,41.52,正常,5.18,正常
2018-08-31,7074.77,40.73,正常,5.07,正常
2018-09-03,7137.13,40.97,正常,5.1,正常
2018-09-04,7250.27,41.52,正常,5.17,正常
2018-09-05,7141.13,40.9,正常,5.09,正常
2018-09-06,7081.27,40.44,正常,5.03,正常
2018-09-07,7162.98,41.12,正常,5.12,正常
2018-09-10,7030.37,40.4,正常,5.03,正常
2018-09-11,7087.22,40.68,正常,5.06,正常
2018-09-12,6943.21,39.72,正常,4.94,正常
2018-09-13,6874.59,39.21,正常,4.88,正常
2018-09-14,6762.24,38.62,正常,4.81,正常
2018-09-17,6685.59,38.05,正常,4.74,正常
2018-09-18,6842.67,39.01,正常,4.86,正常
2018-09-19,6922.33,39.53,正常,4.92,正常
2018-09-20,6888.6,39.33,正常,4.89,正常
2018-09-21,7045.59,40.23,正常,5.01,正常
2018-09-25,7030.3,40.12,正常,4.99,正常
2018-09-26,7134.5,40.89,正常,5.09,正常
2018-09-27,7114.35,40.83,正常,5.08,正常
2018-09-28,7168.88,41.2,正常,5.13,正常
2018-10-08,6874.91,39.42,正常,4.91,正常
2018-10-09,6847.05,39.32,正常,4.89,正常
2018-10-10,6752.02,38.67,正常,4.81,正常
2018-10-11,6362.04,36.61,正常,4.56,低估
2018-10-12,6414.12,37.06,正常,4.61,低估
2018-10-15,6305.2,36.43,正常,4.53,低估
2018-10-16,6139.77,35.35,正常,4.41,低估
2018-10-17,6195.67,35.56,正常,4.44,低估
2018-10-18,5932.85,33.92,正常,4.23,低估
2018-10-19,6186.62,35.35,正常,4.41,低估
2018-10-22,6546.57,37.27,正常,4.67,低估
2018-10-23,6379.03,36.17,正常,4.53,低估
2018-10-24,6296.49,35.59,正常,4.47,低估
2018-10-25,6251.61,36.99,正常,4.45,低估
2018-10-26,6187.98,36.48,正常,4.39,低估
2018-10-29,6040.44,35.09,正常,4.24,低估
2018-10-30,6119.19,35.31,正常,4.28,低估
2018-10-31,6271.46,35.68,正常,4.38,低估
2018-11-01,6335.52,36.05,正常,4.43,低估
2018-11-02,6661.96,38.03,正常,4.67,低估
2018-11-05,6646.28,37.84,正常,4.65,低估
2018-11-06,6646.2,37.84,正常,4.65,低估
2018-11-07,6626.78,37.76,正常,4.64,低估
2018-11-08,6626.82,37.8,正常,4.64,低估
2018-11-09,6618.71,37.74,正常,4.63,低估
2018-11-12,6824.42,38.82,正常,4.76,正常
2018-11-13,6941.79,39.51,正常,4.85,正常
2018-11-14,6879.17,39.15,正常,4.81,正常
2018-11-15,6969.86,39.63,正常,4.86,正常
2018-11-16,6928.86,39.36,正常,4.83,正常
2018-11-19,6921.59,39.32,正常,4.83,正常
2018-11-20,6756.71,38.43,正常,4.72,低估
2018-11-21,6790.45,38.75,正常,4.76,正常
2018-11-22,6817.2,38.87,正常,4.77,正常
2018-11-23,6589.97,37.58,正常,4.61,低估
2018-11-26,6601.53,37.67,正常,4.62,低估
2018-11-27,6664.59,38.05,正常,4.67,低估
2018-11-28,6710.66,38.24,正常,4.69,低估
2018-11-29,6607.81,37.77,正常,4.64,低估
2018-11-30,6662.9,38.11,正常,4.68,低估
2018-12-03,6912.18,39.49,正常,4.85,正常
2018-12-04,7033.78,40.23,正常,4.94,正常
2018-12-05,7034.28,40.24,正常,4.94,正常
2018-12-06,6779.23,38.8,正常,4.76,正常
2018-12-07,6639.35,37.83,正常,4.64,低估
2018-12-10,6559.73,37.28,正常,4.58,低估
2018-12-11,6651.96,37.87,正常,4.65,低估
2018-12-12,6617.98,37.73,正常,4.63,低估
2018-12-13,6671.93,38.0,正常,4.66,低估
2018-12-14,6442.56,36.63,正常,4.5,低估
2018-12-17,6364.27,34.21,正常,4.56,低估
2018-12-18,6323.24,33.96,正常,4.53,低估
2018-12-19,6122.07,32.86,正常,4.38,低估
2018-12-20,6099.68,32.74,正常,4.37,低估
2018-12-21,6030.23,32.35,正常,4.31,低估
2018-12-24,6137.26,32.95,正常,4.39,低估
2018-12-25,6140.63,32.98,正常,4.4,低估
2018-12-26,6110.52,32.8,正常,4.37,低估
2018-12-27,6066.1,32.56,正常,4.34,低估
2018-12-28,6124.41,32.89,正常,4.38,低估
2019-01-02,5925.6,31.77,正常,4.24,低估
2019-01-03,5864.99,31.5,正常,4.2,低估
2019-01-04,6013.86,32.3,正常,4.31,低估
2019-01-07,6049.96,32.49,正常,4.33,低估
2019-01-08,6019.72,32.29,正常,4.3,低估
2019-01-09,6040.04,32.41,正常,4.32,低估
2019-01-10,5954.44,32.02,正常,4.27,低估
2019-01-11,5926.14,31.89,正常,4.25,低估
2019-01-14,5876.18,31.6,正常,4.21,低估
2019-01-15,5975.17,32.12,正常,4.28,低估
2019-01-16,6061.43,32.69,正常,4.32,低估
2019-01-17,6034.73,32.54,正常,4.3,低估
2019-01-18,6160.56,33.19,正常,4.38,低估
2019-01-21,6240.28,33.64,正常,4.44,低估
2019-01-22,6120.56,33.03,正常,4.36,低估
2019-01-23,6109.46,32.95,正常,4.35,低估
2019-01-24,6126.5,33.03,正常,4.36,低估
2019-01-25,6157.12,33.19,正常,4.38,低估
2019-01-28,6100.13,32.92,正常,4.35,低估
2019-01-29,6075.75,32.75,正常,4.33,低估
2019-01-30,6016.0,32.42,正常,4.29,低估
2019-01-31,6002.33,32.25,正常,4.27,低估
2019-02-01,6205.9,33.44,正常,4.43,低估
2019-02-11,6385.01,34.38,正常,4.55,低估
2019-02-12,6476.61,34.86,正常,4.61,低估
2019-02-13,6556.36,35.3,正常,4.66,低估
2019-02-14,6584.65,35.44,正常,4.68,低估
2019-02-15,6522.41,35.12,正常,4.64,低估
2019-02-18,6804.69,36.64,正常,4.84,正常
2019-02-19,6773.53,36.44,正常,4.82,正常
2019-02-20,6715.44,36.12,正常,4.78,正常
2019-02-21,6698.76,36.5,正常,4.77,正常
2019-02-22,6801.53,37.06,正常,4.84,正常
2019-02-25,7104.64,38.6,正常,5.05,正常
2019-02-26,7172.94,38.29,正常,5.1,正常
2019-02-27,7079.32,37.7,正常,5.02,正常
2019-02-28,7301.66,38.5,正常,5.18,正常
2019-03-01,7320.19,38.6,正常,5.19,正常
2019-03-04,7466.86,39.29,正常,5.29,正常
2019-03-05,7558.55,39.69,正常,5.34,正常
2019-03-06,7602.67,39.9,正常,5.37,正常
2019-03-07,7519.13,39.42,正常,5.3,正常
2019-03-08,7278.55,38.13,正常,5.13,正常
2019-03-11,7634.18,39.99,正常,5.38,正常
2019-03-12,7733.88,40.5,正常,5.45,正常
2019-03-13,7583.6,39.8,正常,5.36,正常
2019-03-14,7483.34,39.35,正常,5.29,正常
2019-03-15,7638.94,40.2,正常,5.41,正常
2019-03-18,7934.49,41.76,偏高,5.62,偏高
2019-03-19,7844.4,41.21,正常,5.55,正常
2019-03-20,7809.69,40.97,正常,5.52,正常
2019-03-21,7840.13,41.16,正常,5.52,正常
2019-03-22,7889.09,41.45,正常,5.56,正常
2019-03-25,7805.38,40.95,正常,5.49,正常
2019-03-26,7570.41,39.8,正常,5.33,正常
2019-03-27,7719.67,40.64,正常,5.45,正常
2019-03-28,7654.91,40.18,正常,5.39,正常
2019-03-29,7995.83,41.92,偏高,5.62,偏高
2019-04-01,8246.24,43.19,偏高,5.78,偏高
2019-04-02,8216.24,42.99,偏高,5.76,偏高
2019-04-03,8259.58,43.16,偏高,5.78,偏高
2019-04-04,8207.98,42.88,偏高,5.74,偏高
2019-04-08,8082.76,42.3,偏高,5.66,偏高
2019-04-09,8233.29,43.07,偏高,5.77,偏高
2019-04-10,8278.45,43.29,偏高,5.8,偏高
2019-04-11,7995.35,41.83,偏高,5.6,正常
2019-04-12,7964.61,41.66,偏高,5.58,正常
2019-04-15,7839.19,41.51,正常,5.48,正常
2019-04-16,7958.32,42.03,偏高,5.56,正常
2019-04-17,7953.03,42.06,偏高,5.57,正常
2019-04-18,7865.89,41.66,偏高,5.51,正常
2019-04-19,7934.28,42.01,偏高,5.56,正常
2019-04-22,7913.17,41.98,偏高,5.54,正常
2019-04-23,7851.43,41.52,正常,5.47,正常
2019-04-24,7957.93,42.02,偏高,5.52,正常
2019-04-25,7787.59,41.5,正常,5.42,正常
2019-04-26,7759.66,40.88,正常,5.35,正常
2019-04-29,7814.71,40.54,正常,5.35,正常
2019-04-30,7823.65,39.18,正常,5.31,正常
2019-05-06,7353.9,36.84,正常,4.99,正常
2019-05-07,7503.68,37.67,正常,5.1,正常
2019-05-08,7408.57,37.19,正常,5.05,正常
2019-05-09,7264.66,36.45,正常,4.95,正常
2019-05-10,7518.18,37.75,正常,5.13,正常
2019-05-13,7520.42,37.75,正常,5.14,正常
2019-05-14,7430.94,37.3,正常,5.08,正常
2019-05-15,7624.32,38.19,正常,5.2,正常
2019-05-16,7659.95,38.36,正常,5.22,正常
2019-05-17,7462.26,37.44,正常,5.1,正常
2019-05-20,7454.37,37.39,正常,5.1,正常
2019-05-21,7580.99,38.01,正常,5.19,正常
2019-05-22,7551.42,37.82,正常,5.16,正常
2019-05-23,7343.11,36.82,正常,5.03,正常
2019-05-24,7334.58,36.73,正常,5.02,正常
2019-05-27,7463.11,37.36,正常,5.1,正常
2019-05-28,7531.03,37.75,正常,5.16,正常
2019-05-29,7468.23,37.46,正常,5.12,正常
2019-05-30,7405.48,37.22,正常,5.09,正常
2019-05-31,7380.71,37.18,正常,5.09,正常
2019-06-03,7256.65,36.49,正常,4.99,正常
2019-06-04,7161.48,35.97,正常,4.92,正常
2019-06-05,7034.54,35.33,正常,4.85,正常
2019-06-06,6927.91,34.82,正常,4.79,正常
2019-06-10,7017.35,35.27,正常,4.85,正常
2019-06-11,7258.96,36.48,正常,5.02,正常
2019-06-12,7211.85,36.32,正常,5.0,正常
2019-06-13,7245.46,36.49,正常,5.02,正常
2019-06-14,7187.37,36.18,正常,4.98,正常
2019-06-17,7147.52,39.61,正常,5.01,正常
2019-06-18,7240.07,40.06,正常,5.08,正常
2019-06-19,7309.6,40.42,正常,5.12,正常
2019-06-20,7469.61,41.18,正常,5.23,正常
2019-06-21,7551.97,41.51,正常,5.28,正常
2019-06-24,7554.68,41.46,正常,5.27,正常
2019-06-25,7501.65,41.11,正常,5.23,正常
2019-06-26,7671.55,42.05,偏高,5.35,正常
2019-06-27,7739.79,42.4,偏高,5.39,正常
2019-06-28,7663.01,42.02,偏高,5.35,正常
2019-07-01,7866.82,43.28,偏高,5.51,正常
2019-07-02,7994.18,44.08,偏高,5.65,偏高
2019-07-03,7879.56,43.43,偏高,5.56,正常
2019-07-04,7765.63,42.83,偏高,5.49,正常
2019-07-05,7828.8,43.14,偏高,5.53,正常
2019-07-08,7664.64,42.3,偏高,5.42,正常
2019-07-09,7717.41,42.49,偏高,5.44,正常
2019-07-10,7714.38,42.46,偏高,5.45,正常
2019-07-11,7804.36,42.79,偏高,5.49,正常
2019-07-12,7820.75,42.92,偏高,5.51,正常
2019-07-15,7883.04,43.19,偏高,5.55,正常
2019-07-16,7857.17,43.03,偏高,5.53,正常
2019-07-17,7795.08,42.82,偏高,5.5,正常
2019-07-18,7658.62,42.12,偏高,5.41,正常
2019-07-19,7695.63,42.37,偏高,5.45,正常
2019-07-22,7584.72,41.78,偏高,5.37,正常
2019-07-23,7647.52,42.17,偏高,5.42,正常
2019-07-24,7723.05,42.58,偏高,5.47,正常
2019-07-25,7745.33,42.69,偏高,5.49,正常
2019-07-26,7805.04,43.11,偏高,5.54,正常
2019-07-29,7734.85,42.82,偏高,5.51,正常
2019-07-30,7784.98,42.88,偏高,5.52,正常
2019-07-31,7714.51,42.42,偏高,5.46,正常
2019-08-01,7689.31,42.23,偏高,5.44,正常
2019-08-02,7689.22,41.99,偏高,5.42,正常
2019-08-05,7608.81,41.46,正常,5.36,正常
2019-08-06,7524.77,41.1,正常,5.31,正常
2019-08-07,7526.23,41.18,正常,5.32,正常
2019-08-08,7675.16,42.04,偏高,5.43,正常
2019-08-09,7677.53,42.04,偏高,5.44,正常
2019-08-12,7808.16,42.86,偏高,5.54,正常
2019-08-13,7788.61,42.9,偏高,5.55,正常
2019-08-14,7917.91,43.56,偏高,5.63,偏高
2019-08-15,8002.31,43.81,偏高,5.67,偏高
2019-08-16,8050.63,44.37,偏高,5.73,偏高
2019-08-19,8225.33,45.33,偏高,5.85,偏高
2019-08-20,8285.58,46.54,偏高,5.93,偏高
2019-08-21,8209.84,46.12,偏高,5.88,偏高
2019-08-22,8236.33,46.26,偏高,5.9,偏高
2019-08-23,8396.59,47.03,偏高,5.99,偏高
2019-08-26,8413.42,46.89,偏高,5.98,偏高
2019-08-27,8492.67,47.4,偏高,6.03,偏高
2019-08-28,8427.73,46.67,偏高,5.95,偏高
2019-08-29,8420.58,46.83,偏高,5.93,偏高
2019-08-30,8407.03,47.24,偏高,5.96,偏高
2019-09-02,8623.63,48.18,偏高,6.08,偏高
2019-09-03,8559.62,47.68,偏高,6.02,偏高
2019-09-04,8508.23,47.36,偏高,5.98,偏高
2019-09-05,8531.38,47.41,偏高,5.99,偏高
2019-09-06,8593.11,47.71,偏高,6.02,偏高
2019-09-09,8700.32,48.17,偏高,6.08,偏高
2019-09-10,8741.24,48.39,偏高,6.11,偏高
2019-09-11,8627.57,47.79,偏高,6.03,偏高
2019-09-12,8700.71,48.06,偏高,6.07,偏高
2019-09-16,8754.77,48.39,偏高,6.11,偏高
2019-09-17,8592.99,47.63,偏高,6.01,偏高
2019-09-18,8653.26,48.19,偏高,6.08,偏高
2019-09-19,8798.47,48.9,偏高,6.17,偏高
2019-09-20,8829.63,49.22,偏高,6.21,偏高
2019-09-23,8695.6,48.49,偏高,6.12,偏高
2019-09-24,8912.03,49.74,偏高,6.28,偏高
2019-09-25,8827.0,49.35,偏高,6.23,偏高
2019-09-26,8622.21,48.37,偏高,6.1,偏高
2019-09-27,8681.7,48.68,偏高,6.14,偏高
2019-09-30,8657.13,48.6,偏高,6.13,偏高
2019-10-08,8727.6,48.8,偏高,6.16,偏高
2019-10-09,8712.66,48.7,偏高,6.15,偏高
2019-10-10,9026.76,50.57,偏高,6.38,偏高
2019-10-11,9054.42,50.76,偏高,6.41,偏高
2019-10-14,9114.63,51.01,偏高,6.44,偏高
2019-10-15,9072.93,50.61,偏高,6.39,偏高
2019-10-16,9184.38,51.1,偏高,6.45,偏高
2019-10-17,9192.99,51.38,偏高,6.49,偏高
2019-10-18,9226.45,51.4,偏高,6.49,偏高
2019-10-21,9013.13,50.02,偏高,6.31,偏高
2019-10-22,9104.35,50.53,偏高,6.38,偏高
2019-10-23,8910.83,49.28,偏高,6.24,偏高
2019-10-24,8865.65,48.88,偏高,6.19,偏高
2019-10-25,8937.58,48.74,偏高,6.21,偏高
2019-10-28,9152.51,48.76,偏高,6.25,偏高
2019-10-29,9201.53,48.97,偏高,6.27,偏高
2019-10-30,9188.38,48.95,偏高,6.24,偏高
2019-10-31,9179.93,49.31,偏高,6.27,偏高
2019-11-01,9374.84,50.24,偏高,6.39,偏高
2019-11-04,9597.81,51.52,偏高,6.55,偏高
2019-11-05,9577.45,51.36,偏高,6.53,偏高
2019-11-06,9524.42,50.97,偏高,6.48,偏高
2019-11-07,9633.84,51.55,偏高,6.55,偏高
2019-11-08,9562.9,51.24,偏高,6.52,偏高
2019-11-11,9306.95,50.03,偏高,6.36,偏高
2019-11-12,9374.7,50.39,偏高,6.41,偏高
2019-11-13,9593.55,51.77,偏高,6.58,偏高
2019-11-14,9687.74,52.4,偏高,6.66,高估
2019-11-15,9593.15,51.87,偏高,6.59,偏高
2019-11-18,9623.66,52.24,偏高,6.55,偏高
2019-11-19,9898.16,53.72,偏高,6.74,高估
2019-11-20,9927.69,53.89,偏高,6.76,高估
2019-11-21,9743.32,52.73,偏高,6.62,偏高
2019-11-22,9375.97,50.52,偏高,6.34,偏高
2019-11-25,9223.19,49.82,偏高,6.25,偏高
2019-11-26,9253.1,50.03,偏高,6.28,偏高
2019-11-27,9139.21,49.42,偏高,6.2,偏高
2019-11-28,9128.44,49.5,偏高,6.21,偏高
2019-11-29,8942.31,48.28,偏高,6.06,偏高
2019-12-02,8849.1,47.82,偏高,6.0,偏高
2019-12-03,8860.77,47.97,偏高,6.02,偏高
2019-12-04,8908.82,48.27,偏高,6.05,偏高
2019-12-05,9029.79,48.92,偏高,6.13,偏高
2019-12-06,9079.54,49.31,偏高,6.18,偏高
2019-12-09,8917.79,48.34,偏高,6.04,偏高
2019-12-10,9055.89,48.96,偏高,6.12,偏高
2019-12-11,9039.62,48.85,偏高,6.1,偏高
2019-12-12,8995.95,48.74,偏高,6.09,偏高
2019-12-13,9153.97,49.84,偏高,6.23,偏高
2019-12-16,9266.45,51.15,偏高,7.71,高估
2019-12-17,9343.02,51.54,偏高,7.77,高估
2019-12-18,9196.12,50.64,偏高,7.63,高估
2019-12-19,9175.34,50.58,偏高,7.63,高估
2019-12-20,9064.93,49.86,偏高,7.52,高估
2019-12-23,8963.69,49.42,偏高,7.45,高估
2019-12-24,8998.08,49.52,偏高,7.47,高估
2019-12-25,8993.85,49.49,偏高,7.46,高估
2019-12-26,9004.99,49.71,偏高,7.49,高估
2019-12-27,8882.31,49.02,偏高,7.39,高估
2019-12-30,8923.15,49.3,偏高,7.43,高估
2019-12-31,9104.95,50.29,偏高,7.58,高估
2020-01-02,9119.14,50.23,偏高,7.57,高估
2020-01-03,9068.61,49.86,偏高,7.49,高估
2020-01-06,9010.3,49.41,偏高,7.43,高估
2020-01-07,9210.66,50.47,偏高,7.59,高估
2020-01-08,9132.64,50.05,偏高,7.52,高估
2020-01-09,9494.57,52.29,偏高,7.86,高估
2020-01-10,9501.2,52.28,偏高,7.86,高估
2020-01-13,9583.81,52.8,偏高,7.94,高估
2020-01-14,9494.02,52.34,偏高,7.87,高估
2020-01-15,9566.72,52.79,偏高,7.94,高估
2020-01-16,9692.13,53.64,偏高,8.06,高估
2020-01-17,9782.0,54.1,偏高,8.13,高估
2020-01-20,9874.51,54.6,偏高,8.21,高估
2020-01-21,9979.75,55.02,偏高,8.27,高估
2020-01-22,9897.83,54.59,偏高,8.21,高估
2020-01-23,9671.83,53.26,偏高,8.01,高估
2020-02-03,9357.89,51.74,偏高,7.78,高估
2020-02-04,9779.52,54.27,偏高,8.16,高估
2020-02-05,10046.28,56.34,偏高,8.47,高估
2020-02-06,10475.3,58.26,偏高,8.77,高估
2020-02-07,10388.69,57.45,偏高,8.65,高估
2020-02-10,10345.56,57.79,偏高,8.7,高估
2020-02-11,10367.46,57.84,偏高,8.71,高估
2020-02-12,10575.28,58.88,高估,8.86,高估
2020-02-13,10520.13,58.33,高估,8.8,高估
2020-02-14,10464.05,58.61,高估,8.85,高估
2020-02-17,10805.42,60.47,高估,9.12,高估
2020-02-18,10857.29,60.67,高估,9.15,高估
2020-02-19,10579.4,59.11,高估,8.91,高估
2020-02-20,10767.1,60.0,高估,9.01,高估
2020-02-21,10901.69,60.75,高估,9.12,高估
2020-02-24,11131.84,62.04,高估,9.32,高估
2020-02-25,11269.89,63.1,高估,9.49,高估
2020-02-26,10808.83,60.89,高估,9.07,高估
2020-02-27,11007.28,61.57,高估,9.17,高估
2020-02-28,10719.66,58.89,高估,8.84,高估
2020-03-02,11063.9,62.14,高估,9.06,高估
2020-03-03,11420.5,64.82,高估,9.45,高估
2020-03-04,11291.31,64.23,高估,9.36,高估
2020-03-05,11438.92,65.24,高估,9.51,高估
2020-03-06,11551.59,65.84,高估,9.59,高估
2020-03-09,11261.15,64.68,高估,9.43,高估
2020-03-10,11239.35,64.17,高估,9.35,高估
2020-03-11,11069.56,62.82,高估,9.15,高估
2020-03-12,10708.2,60.87,高估,8.87,高估
2020-03-13,10535.07,60.06,高估,8.75,高估
2020-03-16,10013.54,57.33,偏高,8.35,高估
2020-03-17,9959.22,57.05,偏高,8.31,高估
2020-03-18,9813.13,56.06,偏高,8.17,高估
2020-03-19,9644.11,54.76,偏高,7.98,高估
2020-03-20,9929.42,56.45,偏高,8.23,高估
2020-03-23,9654.21,55.22,偏高,8.05,高估
2020-03-24,9969.03,56.89,偏高,8.29,高估
2020-03-25,10423.71,60.2,高估,8.7,高估
2020-03-26,10709.39,62.16,高估,8.98,高估
2020-03-27,10518.81,61.12,高估,8.85,高估
2020-03-30,10239.7,59.62,高估,8.63,高估
2020-03-31,10262.24,60.05,高估,8.7,高估
2020-04-01,10182.45,59.35,高估,8.6,高估
2020-04-02,10418.45,60.41,高估,8.75,高估
2020-04-03,10461.77,60.71,高估,8.8,高估
2020-04-07,10784.7,62.56,高估,9.06,高估
2020-04-08,10755.06,62.49,高估,9.05,高估
2020-04-09,11178.85,64.73,高估,9.38,高估
2020-04-10,10963.48,63.44,高估,9.19,高估
2020-04-13,10982.99,63.42,高估,9.2,高估
2020-04-14,11202.08,64.46,高估,9.35,高估
2020-04-15,11155.89,69.73,高估,9.43,高估
2020-04-16,11406.01,70.62,高估,9.56,高估
2020-04-17,11289.42,69.85,高估,9.43,高估
2020-04-20,11624.58,70.89,高估,9.7,高估
2020-04-21,11489.89,70.23,高估,9.6,高估
2020-04-22,11595.64,71.18,高估,9.72,高估
2020-04-23,11644.85,71.4,高估,9.75,高估
2020-04-24,11353.46,70.21,高估,9.51,高估
2020-04-27,11491.8,71.67,高估,9.65,高估
2020-04-28,11585.03,72.13,高估,9.71,高估
2020-04-29,11424.59,71.09,高估,9.37,高估
2020-04-30,11299.98,80.7,高估,9.28,高估
2020-05-06,11522.37,82.09,高估,9.44,高估
2020-05-07,11581.4,82.76,高估,9.52,高估
2020-05-08,11718.43,83.62,高估,9.63,高估
2020-05-11,11548.76,82.33,高估,9.48,高估
2020-05-12,11806.2,83.9,高估,9.66,高估
2020-05-13,12222.59,86.65,高估,9.98,高估
2020-05-14,12056.07,85.86,高估,9.88,高估
2020-05-15,11944.37,84.91,高估,9.9,高估
2020-05-18,12170.86,86.53,高估,10.09,高估
2020-05-19,12231.1,87.07,高估,10.17,高估
2020-05-20,11992.79,85.37,高估,10.02,高估
2020-05-21,12102.47,87.24,高估,10.25,高估
2020-05-22,11766.76,84.83,高估,9.98,高估
2020-05-25,11861.38,85.89,高估,10.1,高估
2020-05-26,12224.78,88.41,高估,10.4,高估
2020-05-27,11897.68,85.9,高估,10.1,高估
2020-05-28,11792.22,84.95,高估,10.02,高估
2020-05-29,12117.98,87.47,高估,10.32,高估
2020-06-01,12396.5,89.36,高估,10.54,高估
2020-06-02,12147.97,87.57,高估,10.33,高估
2020-06-03,12209.3,88.29,高估,10.42,高估
2020-06-04,12317.39,89.02,高估,10.54,高估
2020-06-05,12388.65,89.45,高估,10.6,高估
2020-06-08,12178.98,88.06,高估,10.43,高估
2020-06-09,12346.4,89.08,高估,10.55,高估
2020-06-10,12566.79,90.71,高估,10.75,高估
2020-06-11,12509.71,90.4,高估,10.74,高估
2020-06-12,12764.76,92.19,高估,10.95,高估
2020-06-15,12994.1,93.31,高估,10.66,高估
2020-06-16,13310.43,95.44,高估,10.92,高估
2020-06-17,13456.67,96.37,高估,11.03,高估
2020-06-18,13113.74,94.01,高估,10.76,高估
2020-06-19,13556.52,97.43,高估,11.16,高估
2020-06-22,13598.32,97.73,高估,11.19,高估
2020-06-23,13940.86,100.14,高估,11.47,高估
2020-06-24,13883.23,99.58,高估,11.41,高估
2020-06-29,14166.06,101.53,高估,11.63,高估
2020-06-30,14404.49,103.04,高估,11.81,高估
2020-07-01,14084.69,100.81,高估,11.55,高估
2020-07-02,13871.08,98.88,高估,11.33,高估
2020-07-03,14239.63,101.59,高估,11.65,高估
2020-07-06,14178.66,100.82,高估,11.56,高估
2020-07-07,14472.22,102.84,高估,11.8,高估
2020-07-08,14608.73,103.73,高估,11.91,高估
2020-07-09,15164.61,108.03,高估,12.24,高估
2020-07-10,15462.04,109.84,高估,12.44,高估
2020-07-13,15982.89,113.32,高估,12.85,高估
2020-07-14,15637.93,110.83,高估,12.57,高估
2020-07-15,15774.06,112.63,高估,12.79,高估
2020-07-16,14804.68,106.01,高估,12.04,高估
2020-07-17,15021.58,107.88,高估,12.25,高估
2020-07-20,14915.89,106.93,高估,12.15,高估
2020-07-21,15421.15,106.37,高估,12.45,高估
2020-07-22,15603.62,107.61,高估,12.6,高估
2020-07-23,15928.19,109.9,高估,12.86,高估
2020-07-24,14900.2,102.98,高估,12.05,高估
2020-07-27,15067.02,104.0,高估,12.18,高估
2020-07-28,15267.64,105.52,高估,12.36,高估
2020-07-29,15597.99,107.58,高估,12.6,高估
2020-07-30,15532.13,104.13,高估,12.48,高估
2020-07-31,15748.99,105.25,高估,12.61,高估
2020-08-03,16030.73,106.74,高估,12.69,高估
2020-08-04,15972.57,106.23,高估,12.64,高估
2020-08-05,16119.55,107.12,高估,12.75,高估
2020-08-06,15817.82,105.43,高估,12.19,高估
2020-08-07,15510.45,103.68,高估,11.41,高估
2020-08-10,15546.09,103.48,高估,11.42,高估
2020-08-11,15276.55,102.07,高估,11.23,高估
2020-08-12,14839.31,99.29,高估,10.93,高估
2020-08-13,14722.57,98.39,高估,10.83,高估
2020-08-14,14842.42,99.18,高估,10.84,高估
2020-08-17,14949.79,97.74,高估,10.8,高估
2020-08-18,15061.57,96.91,高估,10.87,高估
2020-08-19,14664.3,92.98,高估,10.55,高估
2020-08-20,14598.83,90.01,高估,10.47,高估
2020-08-21,14752.47,89.81,高估,10.59,高估
2020-08-24,14933.09,90.57,高估,10.68,高估
2020-08-25,15048.69,91.45,高估,10.78,高估
2020-08-26,15073.54,89.4,高估,10.74,高估
2020-08-27,15342.26,85.32,高估,10.87,高估
2020-08-28,15742.28,78.66,高估,10.95,高估
2020-08-31,15653.67,77.75,高估,10.75,高估
2020-09-01,15737.87,78.27,高估,10.81,高估
2020-09-02,15728.53,78.34,高估,10.75,高估
2020-09-03,15634.45,77.95,高估,10.7,高估
2020-09-04,15275.49,76.02,高估,10.43,高估
2020-09-07,14697.78,73.09,高估,10.03,高估
2020-09-08,14655.19,73.05,高估,10.02,高估
2020-09-09,14108.96,70.23,高估,9.64,高估
2020-09-10,13985.55,69.9,高估,9.59,高估
2020-09-11,14201.89,71.13,高估,9.76,高估
2020-09-14,14250.19,71.43,高估,9.8,高估
2020-09-15,14419.1,72.23,高估,9.91,高估
2020-09-16,14103.61,70.71,高估,9.65,高估
2020-09-17,13934.26,69.68,高估,9.51,高估
2020-09-18,14104.66,70.44,高估,9.62,高估
2020-09-21,13938.39,69.68,高估,9.51,高估
2020-09-22,14079.74,70.71,高估,9.65,高估
2020-09-23,14414.54,72.24,高估,9.86,高估
2020-09-24,14157.05,71.05,高估,9.7,高估
2020-09-25,14248.88,71.66,高估,9.49,高估
2020-09-28,14098.41,71.09,高估,9.41,高估
2020-09-29,14355.01,72.5,高估,9.6,高估
2020-09-30,14596.05,73.83,高估,9.78,高估
2020-10-09,14983.99,75.72,高估,10.03,高估
2020-10-12,15601.17,78.94,高估,10.46,高估
2020-10-13,15812.5,80.0,高估,10.6,高估
2020-10-14,15836.41,80.25,高估,10.63,高估
2020-10-15,15630.79,79.17,高估,10.49,高估
2020-10-16,15676.41,79.41,高估,10.52,高估
2020-10-19,15247.19,77.26,高估,10.23,高估
2020-10-20,15422.59,78.12,高估,10.34,高估
2020-10-21,15407.71,77.77,高估,10.32,高估
2020-10-22,15294.72,76.74,高估,10.24,高估
2020-10-23,14847.13,73.76,高估,9.92,高估
2020-10-26,14991.23,74.54,高估,10.03,高估
2020-10-27,15428.65,75.2,高估,10.26,高估
2020-10-28,15589.53,67.01,高估,10.19,高估
2020-10-29,15968.13,65.11,高估,10.34,高估
2020-10-30,15630.57,62.58,高估,9.99,高估
2020-11-02,15611.1,61.7,高估,9.96,高估
2020-11-03,15792.1,62.49,高估,10.09,高估
2020-11-04,15810.24,62.67,高估,10.12,高估
2020-11-05,15671.08,62.0,高估,10.01,高估
2020-11-06,15286.13,60.35,高估,9.74,高估
2020-11-09,15733.18,61.93,高估,10.0,高估
2020-11-10,15368.66,60.3,高估,9.73,高估
2020-11-11,14955.98,58.67,高估,9.47,高估
2020-11-12,15110.93,59.13,高估,9.54,高估
2020-11-13,15113.59,59.18,高估,9.55,高估
2020-11-16,15253.3,59.97,高估,9.55,高估
2020-11-17,14770.92,58.1,偏高,9.25,高估
2020-11-18,14285.23,56.02,偏高,8.92,高估
2020-11-19,14401.84,56.62,偏高,9.02,高估
2020-11-20,14574.61,57.28,偏高,9.12,高估
2020-11-23,14520.08,57.08,偏高,9.09,高估
2020-11-24,14380.84,56.42,偏高,8.99,高估
2020-11-25,13937.51,54.53,偏高,8.69,高估
2020-11-26,13970.02,54.81,偏高,8.73,高估
2020-11-27,14009.96,55.02,偏高,8.76,高估
2020-11-30,14016.54,54.99,偏高,8.76,高估
2020-12-01,14477.9,56.65,偏高,9.02,高估
2020-12-02,14454.31,56.49,偏高,9.0,高估
2020-12-03,14784.71,57.77,偏高,9.2,高估
2020-12-04,14979.9,58.58,高估,9.33,高估
2020-12-07,14966.19,58.51,高估,9.32,高估
2020-12-08,15041.6,58.9,高估,9.35,高估
2020-12-09,14781.26,57.82,偏高,9.18,高估
2020-12-10,15082.22,59.0,高估,9.37,高估
2020-12-11,14952.48,58.66,高估,9.32,高估
2020-12-14,15265.57,57.51,偏高,10.08,高估
2020-12-15,15424.54,58.23,偏高,10.2,高估
2020-12-16,15501.47,58.59,高估,10.27,高估
2020-12-17,15732.25,59.53,高估,10.41,高估
2020-12-18,15550.83,58.84,高估,10.29,高估
2020-12-21,15879.64,60.15,高估,10.52,高估
2020-12-22,15898.93,59.9,高估,10.47,高估
2020-12-23,15833.5,59.81,高估,10.46,高估
2020-12-24,15759.77,59.76,高估,10.45,高估
2020-12-25,16035.34,60.9,高估,10.65,高估
2020-12-28,15958.14,60.61,高估,10.6,高估
2020-12-29,15937.58,60.4,高估,10.56,高估
2020-12-30,16127.74,61.28,高估,10.72,高估
2020-12-31,16358.81,62.19,高估,10.87,高估
2021-01-04,16278.9,62.09,高估,10.86,高估
2021-01-05,16590.19,63.35,高估,11.09,高估
2021-01-06,16930.9,64.85,高估,11.35,高估
2021-01-07,17078.61,65.64,高估,11.49,高估
2021-01-08,17098.82,65.4,高估,11.45,高估
2021-01-11,17155.43,65.54,高估,11.47,高估
2021-01-12,17341.37,66.59,高估,11.65,高估
2021-01-13,17056.71,65.17,高估,11.4,高估
2021-01-14,17082.79,64.81,高估,11.34,高估
2021-01-15,17035.37,64.83,高估,11.35,高估
2021-01-18,17236.96,65.61,高估,11.48,高估
2021-01-19,16869.71,64.33,高估,11.26,高估
2021-01-20,17621.44,67.48,高估,11.81,高估
2021-01-21,18205.42,69.65,高估,12.19,高估
2021-01-22,19294.99,73.7,高估,12.9,高估
2021-01-25,19519.37,74.79,高估,13.09,高估
2021-01-26,18684.56,71.38,高估,12.47,高估
2021-01-27,18592.58,71.22,高估,12.44,高估
2021-01-28,17855.76,68.64,高估,11.99,高估
2021-01-29,17786.68,68.23,高估,11.97,高估
2021-02-01,18222.58,69.81,高估,12.25,高估
2021-02-02,18379.23,70.25,高估,12.33,高估
2021-02-03,18440.89,70.49,高估,12.37,高估
2021-02-04,18166.15,69.36,高估,12.17,高估
2021-02-05,18549.33,71.14,高估,12.46,高估
2021-02-08,18776.31,72.1,高估,12.63,高估
2021-02-09,19147.28,73.36,高估,12.74,高估
2021-02-10,19636.22,75.22,高估,13.07,高估
2021-02-18,18730.28,71.45,高估,12.41,高估
2021-02-19,18953.54,71.88,高估,12.49,高估
2021-02-22,18087.77,68.22,高估,11.85,高估
2021-02-23,17814.19,67.16,高估,11.68,高估
2021-02-24,17126.82,64.48,高估,11.21,高估
2021-02-25,17071.81,64.46,高估,11.21,高估
2021-02-26,16596.74,61.41,高估,10.64,高估
2021-03-01,16835.97,63.31,高估,10.74,高估
2021-03-02,16505.65,61.79,高估,10.48,高估
2021-03-03,16798.3,62.71,高估,10.63,高估
2021-03-04,15987.71,59.5,高估,10.08,高估
2021-03-05,16034.51,59.44,高估,10.09,高估
2021-03-08,15067.08,54.99,偏高,9.44,高估
2021-03-09,14600.16,53.36,偏高,9.16,高估
2021-03-10,14975.05,55.08,偏高,9.46,高估
2021-03-11,15384.42,56.67,偏高,9.73,高估
2021-03-12,15414.57,57.1,偏高,9.8,高估
2021-03-15,14631.09,53.97,偏高,9.26,高估
2021-03-16,14735.81,51.49,偏高,9.24,高估
2021-03-17,14886.07,51.97,偏高,9.32,高估
2021-03-18,15155.76,53.1,偏高,9.53,高估
2021-03-19,14815.32,51.72,偏高,9.28,高估
2021-03-22,14849.46,51.71,偏高,9.28,高估
2021-03-23,14790.88,51.72,偏高,9.28,高估
2021-03-24,14820.75,52.14,偏高,9.35,高估
2021-03-25,15084.01,53.2,偏高,9.54,高估
2021-03-26,15568.38,54.87,偏高,9.82,高估
2021-03-29,15597.37,54.8,偏高,9.83,高估
2021-03-30,15852.87,55.6,偏高,10.03,高估
2021-03-31,15763.71,55.1,偏高,9.88,高估
2021-04-01,16205.67,56.49,偏高,10.14,高估
2021-04-02,16354.75,57.07,偏高,10.25,高估
2021-04-06,16046.66,56.04,偏高,10.07,高估
2021-04-07,15865.24,55.18,偏高,9.97,高估
2021-04-08,16167.97,56.61,偏高,10.23,高估
2021-04-09,15978.87,55.84,偏高,10.09,高估
2021-04-12,15405.51,53.77,偏高,9.74,高估
2021-04-13,15625.49,51.88,偏高,9.83,高估
2021-04-14,15784.01,52.71,偏高,9.94,高估
2021-04-15,15760.93,52.84,偏高,9.9,高估
2021-04-16,15732.65,52.6,偏高,9.87,高估
2021-04-19,16097.03,53.92,偏高,10.09,高估
2021-04-20,16269.75,53.45,偏高,10.23,高估
2021-04-21,16533.11,54.09,偏高,10.37,高估
2021-04-22,16543.11,53.74,偏高,10.34,高估
2021-04-23,17190.17,51.83,偏高,10.55,高估
2021-04-26,17120.45,51.01,偏高,10.48,高估
2021-04-27,17542.63,52.43,偏高,10.74,高估
2021-04-28,17684.88,50.41,偏高,10.78,高估
2021-04-29,17685.19,48.51,偏高,10.57,高估
2021-04-30,17765.48,46.46,偏高,10.48,高估
2021-05-06,17223.57,44.96,偏高,10.14,高估
2021-05-07,16555.69,43.17,偏高,9.74,高估
2021-05-10,16733.35,43.72,偏高,9.86,高估
2021-05-11,17039.39,44.57,偏高,10.05,高估
2021-05-12,17438.04,45.59,偏高,10.3,高估
2021-05-13,17536.5,45.79,偏高,10.35,高估
2021-05-14,17658.45,46.16,偏高,10.43,高估
2021-05-17,18144.92,47.67,偏高,10.77,高估
2021-05-18,18036.88,47.47,偏高,10.73,高估
2021-05-19,17859.84,47.04,偏高,10.66,高估
2021-05-20,18088.72,47.69,偏高,10.82,高估
2021-05-21,18181.26,47.94,偏高,10.89,高估
2021-05-24,18122.41,47.69,偏高,10.84,高估
2021-05-25,18587.28,48.96,偏高,11.13,高估
2021-05-26,18522.28,48.69,偏高,11.07,高估
2021-05-27,18877.48,49.61,偏高,11.3,高估
2021-05-28,18436.15,48.48,偏高,11.17,高估
2021-05-31,18645.04,49.05,偏高,11.3,高估
2021-06-01,19049.88,50.25,偏高,11.6,高估
2021-06-02,18627.52,49.14,偏高,11.34,高估
2021-06-03,18441.42,48.65,偏高,11.23,高估
2021-06-04,18663.79,49.32,偏高,11.38,高估
2021-06-07,18689.46,49.29,偏高,11.38,高估
2021-06-08,18491.99,48.78,偏高,11.3,高估
2021-06-09,18574.79,49.02,偏高,11.35,高估
2021-06-10,18736.13,49.69,偏高,11.51,高估
2021-06-11,18518.5,49.1,偏高,11.37,高估
2021-06-15,18311.98,51.12,偏高,12.21,高估
2021-06-16,17588.39,49.0,偏高,11.73,高估
2021-06-17,17825.68,49.7,偏高,11.9,高估
2021-06-18,18157.71,50.65,偏高,12.13,高估
2021-06-21,18504.06,51.53,偏高,12.34,高估
2021-06-22,18991.04,53.08,偏高,12.71,高估
2021-06-23,18873.96,52.87,偏高,12.67,高估
2021-06-24,18544.78,51.86,偏高,12.46,高估
2021-06-25,19121.73,53.45,偏高,12.86,高估
2021-06-28,19395.16,54.22,偏高,13.04,高估
2021-06-29,19368.06,54.29,偏高,13.06,高估
2021-06-30,19424.0,54.46,偏高,13.12,高估
2021-07-01,19769.21,55.76,偏高,13.44,高估
2021-07-02,18740.17,52.59,偏高,12.68,高估
2021-07-05,18792.3,52.98,偏高,12.78,高估
2021-07-06,17863.44,50.3,偏高,12.13,高估
2021-07-07,18515.07,52.35,偏高,12.65,高估
2021-07-08,17945.21,50.76,偏高,12.27,高估
2021-07-09,17899.94,50.58,偏高,12.25,高估
2021-07-12,18449.43,52.34,偏高,12.68,高估
2021-07-13,18438.85,52.28,偏高,12.66,高估
2021-07-14,18638.79,53.03,偏高,12.85,高估
2021-07-15,18722.6,53.35,偏高,12.92,高估
2021-07-16,18113.53,51.49,偏高,12.48,高估
2021-07-19,18385.28,52.38,偏高,12.7,高估
2021-07-20,18402.07,52.2,偏高,12.65,高估
2021-07-21,18584.12,52.87,偏高,12.82,高估
2021-07-22,18151.32,51.62,偏高,12.79,高估
2021-07-23,17502.94,49.67,偏高,12.31,高估
2021-07-26,16483.35,46.61,偏高,11.54,高估
2021-07-27,16135.74,45.56,偏高,11.28,高估
2021-07-28,16772.01,47.61,偏高,11.79,高估
2021-07-29,17203.59,48.89,偏高,12.11,高估
2021-07-30,16763.81,47.45,偏高,11.71,高估
2021-08-02,17003.92,48.14,偏高,11.88,高估
2021-08-03,17682.5,49.9,偏高,12.3,高估
2021-08-04,17478.14,49.17,偏高,12.13,高估
2021-08-05,17303.72,48.87,偏高,12.06,高估
2021-08-06,16762.66,47.3,偏高,11.67,高估
2021-08-09,16867.76,47.45,偏高,11.7,高估
2021-08-10,17057.35,48.09,偏高,11.86,高估
2021-08-11,16718.14,46.87,偏高,11.56,高估
2021-08-12,16416.97,46.13,偏高,11.32,高估
2021-08-13,16305.59,45.86,偏高,11.12,高估
2021-08-16,16341.44,46.06,偏高,11.17,高估
2021-08-17,15582.38,43.81,偏高,10.58,高估
2021-08-18,15609.02,43.58,偏高,10.55,高估
2021-08-19,15607.1,43.48,偏高,10.52,高估
2021-08-20,14501.64,40.08,正常,9.66,高估
2021-08-23,14647.65,40.85,正常,9.81,高估
2021-08-24,15161.6,42.37,偏高,10.13,高估
2021-08-25,15356.78,43.01,偏高,10.29,高估
2021-08-26,14816.57,41.26,正常,9.78,高估
2021-08-27,14763.14,42.23,偏高,9.76,高估
2021-08-30,14590.43,40.59,正常,9.53,高估
2021-08-31,14406.21,39.41,正常,9.19,高估
2021-09-01,14441.56,39.42,正常,9.19,高估
2021-09-02,13984.61,38.02,正常,8.87,高估
2021-09-03,14110.43,38.4,正常,8.95,高估
2021-09-06,14909.73,40.69,正常,9.49,高估
2021-09-07,14873.38,40.49,正常,9.44,高估
2021-09-08,14670.27,39.81,正常,9.28,高估
2021-09-09,14713.71,39.93,正常,9.31,高估
2021-09-10,14636.03,39.73,正常,9.26,高估
2021-09-13,14597.96,39.59,正常,9.23,高估
2021-09-14,14864.92,40.36,正常,9.41,高估
2021-09-15,14681.73,39.84,正常,9.29,高估
2021-09-16,14839.34,40.31,正常,9.4,高估
2021-09-17,15649.22,42.68,偏高,9.95,高估
2021-09-22,15741.87,43.21,偏高,10.07,高估
2021-09-23,15619.7,42.78,偏高,9.97,高估
2021-09-24,15793.53,43.3,偏高,10.1,高估
2021-09-27,15942.24,43.78,偏高,10.21,高估
2021-09-28,15872.34,43.63,偏高,10.17,高估
2021-09-29,15666.53,43.19,偏高,10.07,高估
2021-09-30,15900.27,43.81,偏高,10.21,高估
2021-10-08,15826.09,43.48,偏高,10.14,高估
2021-10-11,15450.14,42.26,偏高,9.85,高估
2021-10-12,15526.71,42.66,偏高,9.94,高估
2021-10-13,15860.23,43.78,偏高,10.2,高估
2021-10-14,15446.16,42.59,偏高,9.93,高估
2021-10-15,15210.74,42.08,偏高,9.81,高估
2021-10-18,14905.54,41.2,正常,9.61,高估
2021-10-19,15141.4,41.85,偏高,9.76,高估
2021-10-20,14814.94,40.58,正常,9.48,高估
2021-10-21,14861.36,40.71,正常,9.51,高估
2021-10-22,14791.93,40.45,正常,9.45,高估
2021-10-25,14997.3,40.72,正常,9.52,高估
2021-10-26,14939.2,41.05,正常,9.41,高估
2021-10-27,14632.54,41.84,偏高,9.15,高估
2021-10-28,14591.64,41.25,正常,9.06,高估
2021-10-29,14924.3,43.16,偏高,9.26,高估
2021-11-01,14531.52,41.53,偏高,8.92,高估
2021-11-02,14438.81,41.39,正常,8.89,高估
2021-11-03,14581.45,41.75,偏高,8.97,高估
2021-11-04,14483.66,41.54,偏高,8.93,高估
2021-11-05,14462.76,41.54,偏高,8.93,高估
2021-11-08,14111.92,40.33,正常,8.67,高估
2021-11-09,14343.76,40.95,正常,8.8,高估
2021-11-10,14391.17,41.08,正常,8.83,高估
2021-11-11,14492.1,41.41,正常,8.9,高估
2021-11-12,14425.65,41.19,正常,8.85,高估
2021-11-15,14641.95,41.79,偏高,8.98,高估
2021-11-16,15049.18,43.14,偏高,9.27,高估
2021-11-17,14982.51,43.02,偏高,9.24,高估
2021-11-18,14600.82,41.96,偏高,9.02,高估
2021-11-19,14586.23,41.88,偏高,9.0,高估
2021-11-22,14514.27,41.56,偏高,8.93,高估
2021-11-23,14525.64,41.49,正常,8.91,高估
2021-11-24,14648.36,41.85,偏高,8.99,高估
2021-11-25,14777.45,42.26,偏高,9.08,高估
2021-11-26,14793.79,42.3,偏高,9.09,高估
2021-11-29,14716.51,42.08,偏高,9.04,高估
2021-11-30,14705.35,42.03,偏高,9.03,高估
2021-12-01,14523.25,41.53,偏高,8.92,高估
2021-12-02,14253.73,40.68,正常,8.74,高估
2021-12-03,14339.43,41.04,正常,8.82,高估
2021-12-06,14092.1,40.28,正常,8.65,高估
2021-12-07,14133.54,40.45,正常,8.69,高估
2021-12-08,14319.81,41.03,正常,8.81,高估
2021-12-09,14712.67,42.28,偏高,9.08,高估
2021-12-10,14588.78,42.02,偏高,9.02,高估
2021-12-13,14514.08,42.89,偏高,9.53,高估
2021-12-14,14576.87,43.09,偏高,9.57,高估
2021-12-15,14012.87,41.31,正常,9.18,高估
2021-12-16,14090.7,41.54,偏高,9.23,高估
2021-12-17,13898.75,40.91,正常,9.09,高估
2021-12-20,13564.9,39.92,正常,8.87,高估
2021-12-21,13755.46,40.52,正常,9.0,高估
2021-12-22,13755.39,40.46,正常,8.99,高估
2021-12-23,13646.73,40.14,正常,8.91,高估
2021-12-24,13593.35,39.94,正常,8.87,高估
2021-12-27,13733.39,40.25,正常,8.94,高估
2021-12-28,13912.0,40.87,正常,9.08,高估
2021-12-29,13905.98,40.76,正常,9.05,高估
2021-12-30,14069.51,41.18,正常,9.15,高估
2021-12-31,13952.72,40.84,正常,9.07,高估
2022-01-04,13395.92,38.96,正常,8.65,高估
2022-01-05,13183.88,38.46,正常,8.54,高估
2022-01-06,12926.15,37.68,正常,8.37,高估
2022-01-07,12819.38,37.3,正常,8.28,高估
2022-01-10,13011.06,37.86,正常,8.41,高估
2022-01-11,12913.49,37.63,正常,8.36,高估
2022-01-12,13195.71,38.54,正常,8.56,高估
2022-01-13,13007.87,37.92,正常,8.42,高估
2022-01-14,13200.3,38.46,正常,8.54,高估
2022-01-17,13205.43,38.56,正常,8.56,高估
2022-01-18,13029.56,38.25,正常,8.49,高估
2022-01-19,12755.85,37.39,正常,8.3,高估
2022-01-20,12636.79,37.17,正常,8.25,高估
2022-01-21,12260.73,36.13,正常,8.02,高估
2022-01-24,12299.66,36.38,正常,8.08,高估
2022-01-25,12003.71,35.67,正常,7.92,高估
2022-01-26,11736.79,34.82,正常,7.73,高估
2022-01-27,11504.16,34.19,正常,7.59,高估
2022-01-28,11448.26,34.0,正常,7.55,高估
2022-02-07,11554.56,34.4,正常,7.64,高估
2022-02-08,11297.59,33.43,正常,7.42,高估
2022-02-09,11354.25,33.55,正常,7.45,高估
2022-02-10,11076.04,32.69,正常,7.26,高估
2022-02-11,10700.01,31.44,正常,6.98,高估
2022-02-14,10845.12,31.53,正常,7.13,高估
2022-02-15,11450.14,33.17,正常,7.55,高估
2022-02-16,11513.99,33.03,正常,7.62,高估
2022-02-17,11502.32,33.04,正常,7.62,高估
2022-02-18,11556.66,33.19,正常,7.61,高估
2022-02-21,11546.84,33.14,正常,7.6,高估
2022-02-22,11329.38,32.59,正常,7.48,高估
2022-02-23,11565.14,33.28,正常,7.63,高估
2022-02-24,11304.48,32.61,正常,7.48,高估
2022-02-25,11852.48,34.09,正常,7.81,高估
2022-02-28,11928.99,33.99,正常,7.79,高估
2022-03-01,11961.78,34.08,正常,7.81,高估
2022-03-02,11810.85,33.63,正常,7.71,高估
2022-03-03,11691.26,33.25,正常,7.62,高估
2022-03-04,11686.92,33.2,正常,7.61,高估
2022-03-07,11284.88,32.09,正常,7.36,高估
2022-03-08,10973.16,31.25,正常,7.2,高估
2022-03-09,10651.02,30.39,低估,7.0,高估
2022-03-10,11145.1,31.73,正常,7.31,高估
2022-03-11,11441.58,32.02,正常,7.44,高估
2022-03-14,11193.97,31.32,正常,7.26,高估
2022-03-15,10626.19,29.82,低估,6.91,高估
2022-03-16,10849.56,30.59,低估,7.09,高估
2022-03-17,11238.13,31.79,正常,7.37,高估
2022-03-18,11190.67,31.68,正常,7.35,高估
2022-03-21,11240.05,31.81,正常,7.37,高估
2022-03-22,10972.78,31.09,正常,7.21,高估
2022-03-23,11356.17,32.18,正常,7.46,高估
2022-03-24,11622.83,32.98,正常,7.62,高估
2022-03-25,11211.36,31.76,正常,7.34,高估
2022-03-28,11160.21,31.57,正常,7.3,高估
2022-03-29,11222.95,31.75,正常,7.32,高估
2022-03-30,11609.49,32.85,正常,7.58,高估
2022-03-31,11537.65,32.6,正常,7.39,高估
2022-04-01,11458.77,32.35,正常,7.33,高估
2022-04-06,11388.98,32.12,正常,7.28,高估
2022-04-07,11209.99,31.71,正常,7.19,高估
2022-04-08,11068.04,31.35,正常,7.1,高估
2022-04-11,10862.85,30.88,低估,7.0,高估
2022-04-12,11264.16,32.0,正常,7.26,高估
2022-04-13,10983.36,32.17,正常,7.14,高估
2022-04-14,11241.71,32.76,正常,7.27,高估
2022-04-15,11338.54,33.19,正常,7.36,高估
2022-04-18,11311.21,32.97,正常,7.31,高估
2022-04-19,11022.48,32.02,正常,7.09,高估
2022-04-20,10791.88,31.03,正常,6.84,高估
2022-04-21,10517.98,30.19,低估,6.67,高估
2022-04-22,10657.87,30.51,低估,6.75,高估
2022-04-25,10147.97,29.03,低估,6.42,偏高
2022-04-26,10368.8,29.78,低估,6.53,偏高
2022-04-27,10606.88,29.99,低估,6.61,偏高
2022-04-28,10414.16,30.16,低估,6.46,偏高
2022-04-29,10628.49,34.45,正常,6.54,偏高
2022-05-05,10613.24,34.02,正常,6.49,偏高
2022-05-06,10448.5,33.38,正常,6.36,偏高
2022-05-09,10253.81,32.76,正常,6.27,偏高
2022-05-10,10413.71,33.27,正常,6.37,偏高
2022-05-11,10628.84,33.98,正常,6.51,偏高
2022-05-12,10765.23,34.41,正常,6.6,偏高
2022-05-13,10766.04,34.38,正常,6.59,偏高
2022-05-16,10518.91,33.63,正常,6.45,偏高
2022-05-17,10548.68,33.76,正常,6.47,偏高
2022-05-18,10389.03,33.25,正常,6.38,偏高
2022-05-19,10366.17,33.17,正常,6.45,偏高
2022-05-20,10653.37,34.12,正常,6.63,高估
2022-05-23,10638.52,34.03,正常,6.61,偏高
2022-05-24,10200.7,32.64,正常,6.35,偏高
2022-05-25,10243.13,32.74,正常,6.37,偏高
2022-05-26,10111.02,32.13,正常,6.25,偏高
2022-05-27,10211.39,32.52,正常,6.33,偏高
2022-05-30,10316.93,32.77,正常,6.39,偏高
2022-05-31,10649.42,33.79,正常,6.6,偏高
2022-06-01,10596.08,33.63,正常,6.57,偏高
2022-06-02,10434.51,33.11,正常,6.47,偏高
2022-06-06,10762.03,34.18,正常,6.68,高估
2022-06-07,10920.54,34.74,正常,6.79,高估
2022-06-08,11156.76,35.45,正常,6.93,高估
2022-06-09,10883.35,34.59,正常,6.79,高估
2022-06-10,10971.56,34.82,正常,6.85,高估
2022-06-13,10746.73,27.92,低估,6.48,偏高
2022-06-14,10760.29,27.99,低估,6.5,偏高
2022-06-15,10823.7,28.15,低估,6.54,偏高
2022-06-16,10981.05,28.57,低估,6.65,高估
2022-06-17,11283.97,29.38,低估,6.84,高估
2022-06-20,11425.82,29.79,低估,6.91,高估
2022-06-21,11367.68,29.64,低估,6.88,高估
2022-06-22,11205.87,29.2,低估,6.78,高估
2022-06-23,11220.86,29.25,低估,6.8,高估
2022-06-24,11552.03,30.14,低估,7.01,高估
2022-06-27,11692.69,30.48,低估,7.09,高估
2022-06-28,11620.95,30.25,低估,7.03,高估
2022-06-29,11606.66,30.21,低估,7.02,高估
2022-06-30,11899.46,30.93,低估,7.2,高估
2022-07-01,11786.39,30.64,低估,7.13,高估
2022-07-04,12348.98,32.18,正常,7.49,高估
2022-07-05,12420.16,32.39,正常,7.54,高估
2022-07-06,12251.69,31.94,正常,7.44,高估
2022-07-07,11977.29,31.25,正常,7.29,高估
2022-07-08,12051.22,31.42,正常,7.34,高估
2022-07-11,11896.17,31.04,正常,7.26,高估
2022-07-12,11516.73,30.06,低估,7.03,高估
2022-07-13,11534.55,30.19,低估,7.07,高估
2022-07-14,11842.11,30.94,低估,7.24,高估
2022-07-15,11591.51,30.35,低估,7.04,高估
2022-07-18,11526.62,30.09,低估,6.97,高估
2022-07-19,11381.57,29.66,低估,6.87,高估
2022-07-20,11553.69,30.12,低估,6.98,高估
2022-07-21,11508.89,30.07,低估,6.97,高估
2022-07-22,11324.76,29.59,低估,6.86,高估
2022-07-25,11310.63,29.53,低估,6.85,高估
2022-07-26,11305.11,29.55,低估,6.85,高估
2022-07-27,11169.65,28.56,低估,6.71,高估
2022-07-28,11082.67,28.29,低估,6.65,高估
2022-07-29,10784.61,27.09,低估,6.44,偏高
2022-08-01,10886.33,27.35,低估,6.49,偏高
2022-08-02,10616.28,26.71,低估,6.34,偏高
2022-08-03,10620.36,26.77,低估,6.36,偏高
2022-08-04,10804.59,27.18,低估,6.46,偏高
2022-08-05,10993.25,27.66,低估,6.56,偏高
2022-08-08,10896.42,27.41,低估,6.5,偏高
2022-08-09,10823.9,27.23,低估,6.46,偏高
2022-08-10,10613.65,26.69,低估,6.33,偏高
2022-08-11,10958.82,27.55,低估,6.54,偏高
2022-08-12,10957.53,27.56,低估,6.54,偏高
2022-08-15,10759.94,27.07,低估,6.42,偏高
2022-08-16,10655.35,26.8,低估,6.36,偏高
2022-08-17,10737.26,27.02,低估,6.41,偏高
2022-08-18,10563.14,26.46,低估,6.28,偏高
2022-08-19,10460.87,26.21,低估,6.22,偏高
2022-08-22,10517.42,26.01,低估,6.19,偏高
2022-08-23,10345.45,25.57,低估,6.08,偏高
2022-08-24,10191.07,25.3,低估,5.99,偏高
2022-08-25,10320.47,25.64,低估,6.05,偏高
2022-08-26,10347.93,25.22,低估,6.01,偏高
2022-08-29,10245.01,24.93,低估,5.89,偏高
2022-08-30,10267.37,25.86,低估,5.85,偏高
2022-08-31,10412.39,26.84,低估,5.94,偏高
2022-09-01,10345.8,26.63,低估,5.88,偏高
2022-09-02,10254.05,26.41,低估,5.84,偏高
2022-09-05,10119.25,26.06,低估,5.76,偏高
2022-09-06,10095.12,25.97,低估,5.74,偏高
2022-09-07,10071.86,25.92,低估,5.73,偏高
2022-09-08,10019.62,25.78,低估,5.7,偏高
2022-09-09,10303.22,26.51,低估,5.86,偏高
2022-09-13,10045.82,25.79,低估,5.7,偏高
2022-09-14,10016.4,25.73,低估,5.69,偏高
2022-09-15,9941.31,25.58,低估,5.65,偏高
2022-09-16,9662.97,24.91,低估,5.51,正常
2022-09-19,9470.91,24.34,低估,5.38,正常
2022-09-20,9469.11,24.32,低估,5.37,正常
2022-09-21,9222.76,23.62,低估,5.22,正常
2022-09-22,9068.53,23.24,低估,5.14,正常
2022-09-23,8974.46,22.98,低估,5.08,正常
2022-09-26,9032.91,23.19,低估,5.12,正常
2022-09-27,9523.2,24.46,低估,5.4,正常
2022-09-28,9476.86,24.37,低估,5.38,正常
2022-09-29,9651.38,24.83,低估,5.49,正常
2022-09-30,9618.54,24.76,低估,5.47,正常
2022-10-10,9328.93,24.08,低估,5.32,正常
2022-10-11,9215.64,23.85,低估,5.27,正常
2022-10-12,9284.29,23.99,低估,5.3,正常
2022-10-13,9509.28,24.54,低估,5.42,正常
2022-10-14,10406.6,26.97,低估,5.9,偏高
2022-10-17,10487.25,27.06,低估,5.92,偏高
2022-10-18,10614.68,27.1,低估,5.97,偏高
2022-10-19,10446.92,26.67,低估,5.88,偏高
2022-10-20,10495.63,26.79,低估,5.9,偏高
2022-10-21,10449.42,26.65,低估,5.86,偏高
2022-10-24,10061.96,25.65,低估,5.64,偏高
2022-10-25,9836.52,25.17,低估,5.5,正常
2022-10-26,10406.29,26.49,低估,5.76,偏高
2022-10-27,10184.03,25.45,低估,5.6,正常
2022-10-28,9988.39,24.91,低估,5.42,正常
2022-10-31,9867.39,24.17,低估,5.28,正常
2022-11-01,10169.22,24.84,低估,5.43,正常
2022-11-02,10340.33,25.26,低估,5.52,正常
2022-11-03,10348.35,25.26,低估,5.52,正常
2022-11-04,10548.22,25.73,低估,5.62,偏高
2022-11-07,10553.17,25.74,低估,5.63,偏高
2022-11-08,10378.94,25.31,低估,5.53,正常
2022-11-09,10317.68,25.09,低估,5.48,正常
2022-11-10,10251.54,24.89,低估,5.44,正常
2022-11-11,10361.73,25.19,低估,5.5,正常
2022-11-14,10585.69,25.77,低估,5.63,偏高
2022-11-15,10679.52,26.03,低估,5.69,偏高
2022-11-16,10707.68,26.1,低估,5.7,偏高
2022-11-17,10646.59,25.97,低估,5.67,偏高
2022-11-18,10734.91,26.26,低估,5.74,偏高
2022-11-21,10633.08,26.0,低估,5.68,偏高
2022-11-22,10335.79,25.32,低估,5.53,正常
2022-11-23,10178.19,24.9,低估,5.44,正常
2022-11-24,10249.08,25.1,低估,5.48,正常
2022-11-25,10159.46,24.97,低估,5.46,正常
2022-11-28,9997.95,24.56,低估,5.34,正常
2022-11-29,10266.86,25.22,低估,5.49,正常
2022-11-30,10214.72,25.14,低估,5.47,正常
2022-12-01,10364.84,25.51,低估,5.56,正常
2022-12-02,10314.02,25.31,低估,5.51,正常
2022-12-05,10341.95,25.37,低估,5.52,正常
2022-12-06,10314.95,25.27,低估,5.51,正常
2022-12-07,10340.16,25.25,低估,5.5,正常
2022-12-08,10335.32,25.28,低估,5.51,正常
2022-12-09,10437.52,25.48,低估,5.55,正常
2022-12-12,10435.62,24.39,低估,5.69,偏高
2022-12-13,10296.01,24.11,低估,5.62,偏高
2022-12-14,10258.81,24.02,低估,5.6,正常
2022-12-15,10264.61,23.98,低估,5.59,正常
2022-12-16,10243.82,23.96,低估,5.59,正常
2022-12-19,9986.97,23.39,低估,5.45,正常
2022-12-20,9778.65,22.93,低估,5.35,正常
2022-12-21,9790.01,22.97,低估,5.36,正常
2022-12-22,9941.17,23.32,低估,5.44,正常
2022-12-23,10119.34,23.72,低估,5.53,正常
2022-12-26,10086.21,23.63,低估,5.51,正常
2022-12-27,10302.4,24.13,低估,5.62,偏高
2022-12-28,10332.37,24.2,低估,5.64,偏高
2022-12-29,10452.92,24.49,低估,5.71,偏高
2022-12-30,10451.12,24.46,低估,5.7,偏高
2023-01-03,10396.67,24.32,低估,5.67,偏高
2023-01-04,10512.15,24.6,低估,5.73,偏高
2023-01-05,10776.07,25.26,低估,5.89,偏高
2023-01-06,10691.61,25.07,低估,5.84,偏高
2023-01-09,10773.61,25.24,低估,5.88,偏高
2023-01-10,10910.38,25.63,低估,5.97,偏高
2023-01-11,10845.62,25.48,低估,5.94,偏高
2023-01-12,10832.46,25.41,低估,5.92,偏高
2023-01-13,11136.12,26.11,低估,6.09,偏高
2023-01-16,11497.71,26.98,低估,6.29,偏高
2023-01-17,11394.74,26.73,低估,6.23,偏高
2023-01-18,11304.08,26.51,低估,6.18,偏高
2023-01-19,11569.55,27.08,低估,6.31,偏高
2023-01-20,11509.61,26.91,低估,6.26,偏高
2023-01-30,11418.33,26.76,低估,6.18,偏高
2023-01-31,11126.52,26.07,低估,6.02,偏高
2023-02-01,11290.01,26.39,低估,6.1,偏高
2023-02-02,11362.83,26.55,低估,6.13,偏高
2023-02-03,11276.0,26.32,低估,6.08,偏高
2023-02-06,11085.42,25.84,低估,5.97,偏高
2023-02-07,11041.35,25.76,低估,5.95,偏高
2023-02-08,11037.69,25.76,低估,5.95,偏高
2023-02-09,11153.9,26.04,低估,6.02,偏高
2023-02-10,11161.27,26.02,低估,6.01,偏高
2023-02-13,11216.12,26.12,低估,6.03,偏高
2023-02-14,11239.59,26.22,低估,6.06,偏高
2023-02-15,11030.0,25.74,低估,5.95,偏高
2023-02-16,10926.63,25.5,低估,5.89,偏高
2023-02-17,10852.14,25.33,低估,5.85,偏高
2023-02-20,10985.36,25.66,低估,5.93,偏高
2023-02-21,10893.61,25.43,低估,5.87,偏高
2023-02-22,10807.73,25.23,低估,5.83,偏高
2023-02-23,10760.0,25.12,低估,5.8,偏高
2023-02-24,10652.19,24.87,低估,5.74,偏高
2023-02-27,10554.25,24.65,低估,5.69,偏高
2023-02-28,10656.16,25.31,低估,5.72,偏高
2023-03-01,10616.08,25.23,低估,5.7,偏高
2023-03-02,10509.25,24.96,低估,5.64,偏高
2023-03-03,10543.43,25.04,低估,5.66,偏高
2023-03-06,10541.56,25.03,低估,5.66,偏高
2023-03-07,10357.94,24.61,低估,5.56,正常
2023-03-08,10320.91,24.5,低估,5.54,正常
2023-03-09,10285.32,24.41,低估,5.52,正常
2023-03-10,10310.48,24.52,低估,5.54,正常
2023-03-13,10254.64,24.35,低估,5.5,正常
2023-03-14,10234.49,24.31,低估,5.49,正常
2023-03-15,10175.04,24.16,低估,5.46,正常
2023-03-16,10106.66,24.03,低估,5.43,正常
2023-03-17,9915.13,23.49,低估,5.31,正常
2023-03-20,9817.18,23.29,低估,5.27,正常
2023-03-21,10167.37,24.16,低估,5.46,正常
2023-03-22,10176.26,24.19,低估,5.46,正常
2023-03-23,10183.07,24.19,低估,5.46,正常
2023-03-24,10135.66,24.02,低估,5.42,正常
2023-03-27,10325.88,24.33,低估,5.5,正常
2023-03-28,10364.34,24.43,低估,5.53,正常
2023-03-29,10232.33,24.35,低估,5.46,正常
2023-03-30,10314.17,24.59,低估,5.51,正常
2023-03-31,10217.46,24.42,低估,5.44,正常
2023-04-03,10082.04,24.06,低估,5.36,正常
2023-04-04,10082.63,24.07,低估,5.36,正常
2023-04-06,10160.53,24.24,低估,5.4,正常
2023-04-07,10445.91,24.85,低估,5.55,正常
2023-04-10,10484.59,24.96,低估,5.57,正常
2023-04-11,10444.73,24.84,低估,5.55,正常
2023-04-12,10359.57,24.62,低估,5.49,正常
2023-04-13,10547.1,25.34,低估,5.61,正常
2023-04-14,10524.78,25.3,低估,5.6,正常
2023-04-17,10504.02,25.28,低估,5.6,正常
2023-04-18,10383.49,25.0,低估,5.53,正常
2023-04-19,10298.3,24.86,低估,5.49,正常
2023-04-20,10099.45,24.35,低估,5.38,正常
2023-04-21,9921.92,23.9,低估,5.25,正常
2023-04-24,9758.79,23.6,低估,5.17,正常
2023-04-25,9504.72,23.35,低估,4.98,正常
2023-04-26,9579.63,23.93,低估,4.96,正常
2023-04-27,9710.69,24.49,低估,5.04,正常
2023-04-28,9682.49,24.86,低估,4.95,正常
2023-05-04,9599.26,30.68,低估,4.89,正常
2023-05-05,9476.26,30.29,低估,4.83,正常
2023-05-08,9435.0,30.04,低估,4.79,正常
2023-05-09,9295.8,29.67,低估,4.73,低估
2023-05-10,9387.31,29.97,低估,4.78,正常
2023-05-11,9412.1,30.02,低估,4.79,正常
2023-05-12,9358.84,29.87,低估,4.76,正常
2023-05-15,9550.22,30.47,低估,4.87,正常
2023-05-16,9561.56,30.53,低估,4.88,正常
2023-05-17,9457.87,30.21,低估,4.83,正常
2023-05-18,9385.61,29.97,低估,4.79,正常
2023-05-19,9490.98,30.3,低估,4.85,正常
2023-05-22,9545.97,30.5,低估,4.88,正常
2023-05-23,9512.42,30.38,低估,4.86,正常
2023-05-24,9410.04,30.11,低估,4.82,正常
2023-05-25,9340.11,29.92,低估,4.79,正常
2023-05-26,9301.03,29.81,低估,4.77,正常
2023-05-29,9263.68,29.64,低估,4.82,正常
2023-05-30,9194.12,29.4,低估,4.78,正常
2023-05-31,9066.43,28.97,低估,4.72,低估
2023-06-01,9144.25,29.22,低估,4.76,正常
2023-06-02,9194.4,29.39,低估,4.79,正常
2023-06-05,9098.18,29.05,低估,4.75,正常
2023-06-06,8890.96,28.42,低估,4.64,低估
2023-06-07,8784.15,28.04,低估,4.59,低估
2023-06-08,8739.85,27.91,低估,4.58,低估
2023-06-09,8890.76,28.51,低估,4.68,低估
2023-06-12,8875.15,30.23,低估,4.7,低估
2023-06-13,8849.25,30.2,低估,4.74,正常
2023-06-14,8846.03,30.16,低估,4.77,正常
2023-06-15,9067.71,30.88,低估,4.89,正常
2023-06-16,9086.95,30.97,低估,4.91,正常
2023-06-19,8979.68,30.59,低估,4.85,正常
2023-06-20,8921.68,30.38,低估,4.81,正常
2023-06-21,8658.72,29.52,低估,4.68,低估
2023-06-26,8595.51,29.34,低估,4.65,低估
2023-06-27,8648.52,29.47,低估,4.67,低估
2023-06-28,8582.54,29.29,低估,4.65,低估
2023-06-29,8533.65,29.11,低估,4.62,低估
2023-06-30,8579.25,29.23,低估,4.65,低估
2023-07-03,8628.85,29.45,低估,4.68,低估
2023-07-04,8662.74,29.55,低估,4.7,低估
2023-07-05,8583.82,29.28,低估,4.66,低估
2023-07-06,8469.3,28.91,低估,4.6,低估
2023-07-07,8407.43,28.68,低估,4.57,低估
2023-07-10,8481.75,28.92,低估,4.61,低估
2023-07-11,8526.27,29.09,低估,4.64,低估
2023-07-12,8433.71,28.83,低估,4.6,低估
2023-07-13,8657.03,29.6,低估,4.72,低估
2023-07-14,8603.94,29.44,低估,4.7,低估
2023-07-17,8467.63,29.02,低估,4.63,低估
2023-07-18,8454.24,28.98,低估,4.62,低估
2023-07-19,8420.19,28.87,低估,4.61,低估
2023-07-20,8415.67,28.91,低估,4.61,低估
2023-07-21,8531.3,29.27,低估,4.67,低估
2023-07-24,8540.68,29.26,低估,4.67,低估
2023-07-25,8640.68,29.61,低估,4.73,低估
2023-07-26,8695.44,29.83,低估,4.76,正常
2023-07-27,8687.39,29.81,低估,4.76,正常
2023-07-28,8773.77,30.11,低估,4.81,正常
2023-07-31,8738.77,30.56,低估,4.76,正常
2023-08-01,8710.18,30.42,低估,4.71,低估
2023-08-02,8577.66,30.01,低估,4.65,低估
2023-08-03,8718.19,30.42,低估,4.72,低估
2023-08-04,8649.83,30.12,低估,4.67,低估
2023-08-07,8378.55,29.1,低估,4.51,低估
2023-08-08,8375.66,29.06,低估,4.51,低估
2023-08-09,8535.5,29.59,低估,4.59,低估
2023-08-10,8566.7,29.7,低估,4.61,低估
2023-08-11,8432.96,29.23,低估,4.53,低估
2023-08-14,8415.53,29.32,低估,4.52,低估
2023-08-15,8349.7,29.07,低估,4.48,低估
2023-08-16,8327.82,29.11,低估,4.48,低估
2023-08-17,8356.91,29.44,低估,4.49,低估
2023-08-18,8177.94,28.83,低估,4.39,低估
2023-08-21,8144.73,29.22,低估,4.37,低估
2023-08-22,8097.31,29.07,低估,4.35,低估
2023-08-23,7929.17,28.47,低估,4.26,低估
2023-08-24,8151.23,29.31,低估,4.38,低估
2023-08-25,8051.05,28.71,低估,4.33,低估
2023-08-28,8103.85,29.03,低估,4.33,低估
2023-08-29,8300.65,29.62,低估,4.4,低估
2023-08-30,8320.79,30.05,低估,4.32,低估
2023-08-31,8282.74,30.56,低估,4.3,低估
2023-09-01,8252.96,30.46,低估,4.29,低估
2023-09-04,8325.07,30.72,低估,4.32,低估
2023-09-05,8268.28,30.53,低估,4.3,低估
2023-09-06,8138.34,30.03,低估,4.23,低估
2023-09-07,8005.27,29.52,低估,4.15,低估
2023-09-08,8027.02,29.61,低估,4.17,低估
2023-09-11,8200.96,30.28,低估,4.26,低估
2023-09-12,8168.56,30.13,低估,4.24,低估
2023-09-13,8101.09,29.91,低估,4.21,低估
2023-09-14,8092.75,29.92,低估,4.21,低估
2023-09-15,8280.29,30.63,低估,4.31,低估
2023-09-18,8395.29,31.01,正常,4.36,低估
2023-09-19,8330.83,30.84,低估,4.34,低估
2023-09-20,8262.77,30.55,低估,4.3,低估
2023-09-21,8144.94,30.11,低估,4.24,低估
2023-09-22,8253.84,30.45,低估,4.29,低估
2023-09-25,8376.03,30.93,低估,4.35,低估
2023-09-26,8314.24,30.69,低估,4.32,低估
2023-09-27,8535.91,31.45,正常,4.43,低估
2023-09-28,8445.54,31.11,正常,4.38,低估
2023-10-09,8431.08,31.12,正常,4.38,低估
2023-10-10,8295.42,30.64,低估,4.31,低估
2023-10-11,8568.46,31.58,正常,4.44,低估
2023-10-12,8608.77,31.74,正常,4.47,低估
2023-10-13,8639.81,31.77,正常,4.47,低估
2023-10-16,8465.71,31.22,正常,4.38,低估
2023-10-17,8436.91,31.15,正常,4.37,低估
2023-10-18,8275.85,30.59,低估,4.29,低估
2023-10-19,8153.68,30.1,低估,4.23,低估
2023-10-20,8047.76,29.7,低估,4.17,低估
2023-10-23,7984.13,29.51,低估,4.15,低估
2023-10-24,8014.5,29.66,低估,4.17,低估
2023-10-25,7856.77,28.82,低估,4.06,低估
2023-10-26,7956.29,29.02,低估,4.09,低估
2023-10-27,8285.02,30.38,低估,4.25,低估
2023-10-30,8555.99,32.02,正常,4.35,低估
2023-10-31,8481.79,33.45,正常,4.29,低估
2023-11-01,8414.19,33.61,正常,4.26,低估
2023-11-02,8361.03,33.42,正常,4.24,低估
2023-11-03,8430.12,33.64,正常,4.27,低估
2023-11-06,8670.9,34.55,正常,4.38,低估
2023-11-07,8608.34,34.3,正常,4.35,低估
2023-11-08,8706.8,34.72,正常,4.4,低估
2023-11-09,8592.54,34.27,正常,4.35,低估
2023-11-10,8567.63,34.17,正常,4.33,低估
2023-11-13,8496.51,33.88,正常,4.3,低估
2023-11-14,8537.93,34.06,正常,4.32,低估
2023-11-15,8594.52,34.32,正常,4.35,低估
2023-11-16,8440.36,33.73,正常,4.28,低估
2023-11-17,8475.31,33.82,正常,4.29,低估
2023-11-20,8565.36,34.16,正常,4.33,低估
2023-11-21,8553.87,34.1,正常,4.33,低估
2023-11-22,8391.87,33.46,正常,4.3,低估
2023-11-23,8438.58,33.62,正常,4.32,低估
2023-11-24,8410.5,33.53,正常,4.31,低估
2023-11-27,8333.32,33.24,正常,4.27,低估
2023-11-28,8466.26,33.76,正常,4.34,低估
2023-11-29,8395.87,33.57,正常,4.31,低估
2023-11-30,8415.66,33.7,正常,4.33,低估
2023-12-01,8422.27,33.7,正常,4.33,低估
2023-12-04,8164.8,32.81,正常,4.21,低估
2023-12-05,7995.84,32.17,正常,4.13,低估
2023-12-06,8006.13,32.14,正常,4.13,低估
2023-12-07,7964.84,31.93,正常,4.1,低估
2023-12-08,8097.27,32.57,正常,4.18,低估
2023-12-11,8136.39,34.43,正常,4.44,低估
2023-12-12,8046.54,34.04,正常,4.39,低估
2023-12-13,7958.44,33.7,正常,4.34,低估
2023-12-14,7921.7,33.54,正常,4.32,低估
2023-12-15,7865.64,33.29,正常,4.29,低估
2023-12-18,7858.95,33.28,正常,4.29,低估
2023-12-19,7826.51,33.12,正常,4.27,低估
2023-12-20,7774.87,32.94,正常,4.25,低估
2023-12-21,7811.33,33.1,正常,4.27,低估
2023-12-22,7727.98,32.75,正常,4.22,低估
2023-12-25,7760.03,32.86,正常,4.23,低估
2023-12-26,7651.21,32.44,正常,4.16,低估
2023-12-27,7681.14,32.59,正常,4.18,低估
2023-12-28,7905.68,33.5,正常,4.3,低估
2023-12-29,7916.43,33.55,正常,4.31,低估
2024-01-02,7797.61,33.1,正常,4.25,低估
2024-01-03,7760.62,32.9,正常,4.22,低估
2024-01-04,7704.29,32.61,正常,4.18,低估
2024-01-05,7544.05,31.97,正常,4.1,低估
2024-01-08,7435.36,31.52,正常,4.04,低估
2024-01-09,7468.28,31.72,正常,4.07,低估
2024-01-10,7463.21,31.65,正常,4.06,低估
2024-01-11,7593.58,32.21,正常,4.13,低估
2024-01-12,7497.09,31.82,正常,4.08,低估
2024-01-15,7482.38,31.8,正常,4.08,低估
2024-01-16,7460.38,31.71,正常,4.07,低估
2024-01-17,7247.29,30.83,低估,3.96,低估
2024-01-18,7333.38,31.2,正常,4.0,低估
2024-01-19,7321.69,31.22,正常,4.01,低估
2024-01-22,7065.82,30.26,低估,3.88,低估
2024-01-23,7128.13,30.49,低估,3.91,低估
2024-01-24,7188.23,30.79,低估,3.95,低估
2024-01-25,7281.41,31.12,正常,3.99,低估
2024-01-26,7026.4,30.11,低估,3.86,低估
2024-01-29,6811.52,29.02,低估,3.72,低估
2024-01-30,6697.12,28.52,低估,3.66,低估
2024-01-31,6489.46,27.74,低估,3.56,低估
2024-02-01,6563.14,28.08,低估,3.6,低估
2024-02-02,6345.84,27.16,低估,3.48,低估
2024-02-05,6384.95,27.48,低估,3.53,低估
2024-02-06,6854.38,29.33,低估,3.76,低估
2024-02-07,7134.89,30.41,低估,3.9,低估
2024-02-08,7101.11,30.21,低估,3.88,低估
2024-02-19,7030.04,29.93,低估,3.84,低估
2024-02-20,7063.62,30.11,低估,3.86,低估
2024-02-21,7122.05,30.39,低估,3.9,低估
2024-02-22,7105.23,30.25,低估,3.88,低估
2024-02-23,7111.82,30.22,低估,3.88,低估
2024-02-26,7142.75,30.39,低估,3.89,低估
2024-02-27,7210.76,30.71,低估,3.93,低估
2024-02-28,7090.46,30.09,低估,3.86,低估
2024-02-29,7246.88,30.9,低估,3.94,低估
2024-03-01,7215.32,30.79,低估,3.92,低估
2024-03-04,7350.75,31.37,正常,4.0,低估
2024-03-05,7280.49,31.18,正常,3.97,低估
2024-03-06,7250.11,31.07,正常,3.96,低估
2024-03-07,7004.92,30.06,低估,3.83,低估
2024-03-08,6985.13,29.91,低估,3.81,低估
2024-03-11,7215.62,30.94,低估,3.94,低估
2024-03-12,7325.89,31.38,正常,4.0,低估
2024-03-13,7263.05,31.06,正常,3.96,低估
2024-03-14,7260.3,30.99,正常,3.95,低估
2024-03-15,7237.33,30.81,低估,3.93,低估
2024-03-18,7333.87,31.16,正常,3.97,低估
2024-03-19,7220.77,30.66,低估,3.88,低估
2024-03-20,7233.75,30.51,低估,3.88,低估
2024-03-21,7133.69,30.11,低估,3.83,低估
2024-03-22,7000.86,29.58,低估,3.76,低估
2024-03-25,6915.64,29.27,低估,3.72,低估
2024-03-26,6872.95,29.09,低估,3.7,低估
2024-03-27,6767.65,28.65,低估,3.65,低估
2024-03-28,6771.95,28.56,低估,3.63,低估
2024-03-29,6763.04,29.13,低估,3.63,低估
2024-04-01,6882.13,30.0,低估,3.69,低估
2024-04-02,6799.71,29.67,低估,3.65,低估
2024-04-03,6736.53,29.42,低估,3.62,低估
2024-04-08,6558.54,28.7,低估,3.53,低估
2024-04-09,6705.17,29.37,低估,3.6,低估
2024-04-10,6581.64,28.83,低估,3.53,低估
2024-04-11,6516.1,28.5,低估,3.49,低估
2024-04-12,6451.53,28.18,低估,3.45,低估
2024-04-15,6498.06,28.38,低估,3.48,低估
2024-04-16,6314.25,27.53,低估,3.38,低估
2024-04-17,6421.51,28.03,低估,3.44,低估
2024-04-18,6413.04,28.06,低估,3.44,低估
2024-04-19,6315.52,27.47,低估,3.38,低估
2024-04-22,6393.09,27.69,低估,3.42,低估
2024-04-23,6483.39,28.12,低估,3.48,低估
2024-04-24,6478.34,28.12,低估,3.47,低估
2024-04-25,6524.43,28.03,低估,3.49,低估
2024-04-26,6677.78,28.97,低估,3.55,低估
2024-04-29,6867.99,30.23,低估,3.62,低估
2024-04-30,6822.26,30.8,低估,3.61,低估
2024-05-06,7023.18,31.71,正常,3.7,低估
2024-05-07,7060.41,31.82,正常,3.72,低估
2024-05-08,6983.3,31.4,正常,3.67,低估
2024-05-09,7037.56,31.6,正常,3.69,低估
2024-05-10,6989.18,31.41,正常,3.67,低估
2024-05-13,6966.16,31.36,正常,3.66,低估
2024-05-14,7028.8,31.64,正常,3.7,低估
2024-05-15,6905.15,31.15,正常,3.65,低估
2024-05-16,6892.6,31.13,正常,3.65,低估
2024-05-17,6881.95,31.03,正常,3.64,低估
2024-05-20,6912.78,31.14,正常,3.65,低估
2024-05-21,6842.68,30.83,低估,3.62,低估
2024-05-22,6828.52,30.79,低估,3.61,低估
2024-05-23,6722.13,30.42,低估,3.57,低估
2024-05-24,6634.32,29.96,低估,3.52,低估
2024-05-27,6631.3,29.93,低估,3.52,低估
2024-05-28,6560.43,29.63,低估,3.5,低估
2024-05-29,6547.63,29.58,低估,3.5,低估
2024-05-30,6546.93,29.57,低估,3.5,低估
2024-05-31,6541.09,29.46,低估,3.49,低估
2024-06-03,6489.09,29.37,低估,3.48,低估
2024-06-04,6570.42,29.68,低估,3.52,低估
2024-06-05,6559.47,29.71,低估,3.53,低估
2024-06-06,6465.49,29.34,低估,3.5,低估
2024-06-07,6432.25,29.15,低估,3.48,低估
2024-06-11,6489.61,29.4,低估,3.51,低估
2024-06-12,6518.1,29.48,低估,3.52,低估
2024-06-13,6452.04,29.24,低估,3.49,低估
2024-06-14,6383.87,28.96,低估,3.46,低估
2024-06-17,6375.89,28.22,低估,3.49,低估
2024-06-18,6301.81,27.9,低估,3.45,低估
2024-06-19,6227.9,27.64,低估,3.42,低估
2024-06-20,6148.3,27.36,低估,3.39,低估
2024-06-21,6157.26,27.34,低估,3.39,低估
2024-06-24,6070.79,27.06,低估,3.35,低估
2024-06-25,6021.76,26.84,低估,3.32,低估
2024-06-26,6150.94,27.33,低估,3.41,低估
2024-06-27,6031.07,26.87,低估,3.36,低估
2024-06-28,5968.51,26.58,低估,3.33,低估
2024-07-01,5944.09,26.38,低估,3.3,低估
2024-07-02,5869.18,26.1,低估,3.27,低估
2024-07-03,5818.16,25.83,低估,3.23,低估
2024-07-04,5709.35,25.46,低估,3.19,低估
2024-07-05,5861.45,26.07,低估,3.27,低估
2024-07-08,5681.18,25.29,低估,3.18,低估
2024-07-09,5698.01,25.37,低估,3.18,低估
2024-07-10,5711.74,25.39,低估,3.19,低估
2024-07-11,5905.21,26.17,低估,3.29,低估
2024-07-12,5911.15,26.17,低估,3.29,低估
2024-07-15,5812.18,25.74,低估,3.24,低估
2024-07-16,5810.11,25.65,低估,3.22,低估
2024-07-17,5948.14,26.31,低估,3.31,低估
2024-07-18,6009.89,26.63,低估,3.35,低估
2024-07-19,6024.35,26.68,低估,3.36,低估
2024-07-22,6074.54,26.85,低估,3.38,低估
2024-07-23,5879.63,26.0,低估,3.27,低估
2024-07-24,5777.99,25.54,低估,3.21,低估
2024-07-25,5809.03,25.64,低估,3.23,低估
2024-07-26,5827.52,25.7,低估,3.23,低估
2024-07-29,5731.89,25.19,低估,3.17,低估
2024-07-30,5719.66,25.4,低估,3.12,低估
2024-07-31,6025.18,26.67,低估,3.28,低估
2024-08-01,5947.22,26.34,低估,3.24,低估
2024-08-02,6017.33,26.68,低估,3.28,低估
2024-08-05,5998.29,26.61,低估,3.27,低估
2024-08-06,6096.37,27.0,低估,3.32,低估
2024-08-07,6049.67,26.86,低估,3.31,低估
2024-08-08,6044.31,26.76,低估,3.3,低估
2024-08-09,5938.49,26.29,低估,3.25,低估
2024-08-12,5967.12,26.41,低估,3.26,低估
2024-08-13,5945.77,26.24,低估,3.24,低估
2024-08-14,5829.95,25.76,低估,3.18,低估
2024-08-15,5858.19,25.86,低估,3.19,低估
2024-08-16,5851.67,25.84,低估,3.19,低估
2024-08-19,5798.03,25.63,低估,3.16,低估
2024-08-20,5683.04,25.14,低估,3.1,低估
2024-08-21,5633.3,24.94,低估,3.08,低估
2024-08-22,5525.52,24.51,低估,3.02,低估
2024-08-23,5501.95,24.34,低估,3.0,低估
2024-08-26,5428.63,24.19,低估,2.93,低估
2024-08-27,5410.81,24.15,低估,2.92,低估
2024-08-28,5419.06,23.94,低估,2.9,低估
2024-08-29,5523.82,25.11,低估,2.95,低估
2024-08-30,5633.32,25.58,低估,3.01,低估
2024-09-02,5459.99,24.97,低估,2.91,低估
2024-09-03,5497.27,25.13,低估,2.93,低估
2024-09-04,5547.12,25.32,低估,2.95,低估
2024-09-05,5616.69,25.61,低估,2.99,低估
2024-09-06,5500.73,25.04,低估,2.92,低估
2024-09-09,5511.0,25.05,低估,2.95,低估
2024-09-10,5464.35,24.89,低估,2.94,低估
2024-09-11,5508.46,25.04,低估,2.95,低估
2024-09-12,5483.16,24.82,低估,2.93,低估
2024-09-13,5426.9,24.6,低估,2.9,低估
2024-09-18,5378.28,24.36,低估,2.87,低估
2024-09-19,5465.69,24.74,低估,2.92,低估
2024-09-20,5422.84,24.55,低估,2.9,低估
2024-09-23,5383.62,24.3,低估,2.87,低估
2024-09-24,5584.95,25.24,低估,2.98,低估
2024-09-25,5640.8,25.5,低估,3.01,低估
2024-09-26,5918.53,26.64,低估,3.15,低估
2024-09-27,6443.84,29.15,低估,3.44,低估
2024-09-30,7318.1,33.03,正常,3.9,低估
2024-10-08,8177.25,36.93,正常,4.36,低估
2024-10-09,7281.07,32.92,正常,3.89,低估
2024-10-10,7219.98,32.69,正常,3.87,低估
2024-10-11,6823.87,30.95,低估,3.66,低估
2024-10-14,6876.47,31.14,正常,3.69,低估
2024-10-15,6643.98,30.0,低估,3.55,低估
2024-10-16,6552.37,29.5,低估,3.49,低估
2024-10-17,6483.87,29.16,低估,3.45,低估
2024-10-18,6793.8,30.58,低估,3.62,低估
2024-10-21,6810.25,30.58,低估,3.62,低估
2024-10-22,6896.38,30.96,低估,3.67,低估
2024-10-23,6903.01,31.03,正常,3.68,低估
2024-10-24,6814.61,30.77,低估,3.64,低估
2024-10-25,7053.27,31.9,正常,3.75,低估
2024-10-28,7143.92,32.82,正常,3.81,低估
2024-10-29,6975.13,32.27,正常,3.71,低估
2024-10-30,6863.49,32.42,正常,3.61,低估
2024-10-31,6846.3,32.43,正常,3.59,低估
2024-11-01,6759.78,32.08,正常,3.55,低估
2024-11-04,6850.1,32.53,正常,3.6,低估
2024-11-05,7061.05,33.51,正常,3.71,低估
2024-11-06,7042.63,33.35,正常,3.69,低估
2024-11-07,7304.27,34.56,正常,3.84,低估
2024-11-08,7279.45,34.55,正常,3.84,低估
2024-11-11,7394.93,35.0,正常,3.89,低估
2024-11-12,7483.58,35.43,正常,3.94,低估
2024-11-13,7391.37,35.05,正常,3.89,低估
2024-11-14,7147.85,33.9,正常,3.77,低估
2024-11-15,6973.79,33.07,正常,3.68,低估
2024-11-18,6836.91,32.45,正常,3.61,低估
2024-11-19,6961.19,33.0,正常,3.67,低估
2024-11-20,7098.72,33.63,正常,3.74,低估
2024-11-21,7022.66,33.26,正常,3.7,低估
2024-11-22,6709.12,31.84,正常,3.54,低估
2024-11-25,6694.03,31.75,正常,3.53,低估
2024-11-26,6676.44,31.79,正常,3.54,低估
2024-11-27,6805.5,32.37,正常,3.6,低估
2024-11-28,6706.54,31.8,正常,3.54,低估
2024-11-29,6827.32,32.31,正常,3.59,低估
2024-12-02,6958.45,32.94,正常,3.66,低估
2024-12-03,6948.02,32.84,正常,3.65,低估
2024-12-04,6839.53,32.38,正常,3.6,低估
2024-12-05,6839.86,32.31,正常,3.59,低估
2024-12-06,7058.2,33.29,正常,3.7,低估
2024-12-09,7064.23,33.27,正常,3.7,低估
2024-12-10,7091.06,33.44,正常,3.72,低估
2024-12-11,7119.34,33.57,正常,3.73,低估
2024-12-12,7156.59,33.81,正常,3.76,低估
2024-12-13,6972.44,32.86,正常,3.65,低估
2024-12-16,6893.92,32.36,正常,3.59,低估
2024-12-17,6814.51,32.04,正常,3.55,低估
2024-12-18,6838.52,32.13,正常,3.57,低估
2024-12-19,6795.69,31.94,正常,3.54,低估
2024-12-20,6787.05,31.84,正常,3.53,低估
2024-12-23,6713.24,31.62,正常,3.51,低估
2024-12-24,6791.12,31.99,正常,3.55,低估
2024-12-25,6739.6,31.81,正常,3.53,低估
2024-12-26,6707.31,31.63,正常,3.51,低估
2024-12-27,6704.51,31.64,正常,3.51,低估
2024-12-30,6687.51,31.57,正常,3.5,低估
2024-12-31,6558.23,31.0,正常,3.44,低估
2025-01-02,6403.21,30.22,低估,3.36,低估
2025-01-03,6312.14,29.81,低估,3.31,低估
2025-01-06,6339.82,29.95,低估,3.32,低估
2025-01-07,6264.1,29.58,低估,3.28,低估
2025-01-08,6204.39,29.29,低估,3.25,低估
2025-01-09,6163.63,29.08,低估,3.23,低估
2025-01-10,6080.04,28.68,低估,3.18,低估
2025-01-13,6136.45,28.93,低估,3.21,低估
2025-01-14,6312.45,29.75,低估,3.3,低估
2025-01-15,6223.33,29.34,低估,3.26,低估
2025-01-16,6231.06,29.36,低估,3.26,低估
2025-01-17,6239.76,29.39,低估,3.26,低估
2025-01-20,6301.42,29.7,低估,3.3,低估
2025-01-21,6280.21,29.59,低估,3.29,低估
2025-01-22,6209.09,29.22,低估,3.25,低估
2025-01-23,6220.93,29.32,低估,3.26,低估
2025-01-24,6263.93,29.5,低估,3.28,低估
2025-01-27,6236.14,29.37,低估,3.26,低估
2025-02-05,6278.91,29.57,低估,3.28,低估
2025-02-06,6405.08,30.14,低估,3.35,低估
2025-02-07,6585.39,30.98,正常,3.44,低估
2025-02-10,6777.04,31.77,正常,3.53,低估
2025-02-11,6674.31,31.34,正常,3.48,低估
2025-02-12,6724.83,31.51,正常,3.5,低估
2025-02-13,6696.55,31.37,正常,3.49,低估
2025-02-14,7007.07,32.74,正常,3.64,低估
2025-02-17,7107.75,33.11,正常,3.68,低估
2025-02-18,6923.59,32.32,正常,3.59,低估
2025-02-19,7019.34,32.71,正常,3.63,低估
2025-02-20,7234.8,33.63,正常,3.74,低估
2025-02-21,7304.07,33.96,正常,3.78,低估
2025-02-24,7135.85,33.3,正常,3.71,低估
2025-02-25,7026.9,32.76,正常,3.65,低估
2025-02-26,7063.29,32.96,正常,3.67,低估
2025-02-27,7068.54,33.01,正常,3.67,低估
2025-02-28,6877.17,32.36,正常,3.58,低估
2025-03-03,6936.77,32.54,正常,3.6,低估
2025-03-04,7015.44,32.8,正常,3.63,低估
2025-03-05,6931.32,32.42,正常,3.58,低估
2025-03-06,7080.84,33.08,正常,3.66,低估
2025-03-07,6987.63,32.65,正常,3.61,低估
2025-03-10,7035.42,32.87,正常,3.63,低估
2025-03-11,7030.14,32.88,正常,3.63,低估
2025-03-12,6961.58,32.57,正常,3.6,低估
2025-03-13,6901.42,32.33,正常,3.57,低估
2025-03-14,7084.62,33.18,正常,3.67,低估
2025-03-17,7056.6,33.07,正常,3.65,低估
2025-03-18,7161.73,32.65,正常,3.67,低估
2025-03-19,7134.17,32.53,正常,3.66,低估
2025-03-20,7033.17,32.1,正常,3.6,低估
2025-03-21,6896.29,31.49,正常,3.53,低估
2025-03-24,6842.22,31.27,正常,3.49,低估
2025-03-25,6863.95,31.35,正常,3.5,低估
2025-03-26,6829.55,31.21,正常,3.48,低估
2025-03-27,6928.77,31.7,正常,3.53,低估
